title,price,product_url,image_url,crawl_time,original_price,discount,rating,review_count,sales_tag
"Women Elegant V-Neck Ruffled Blouse, Solid Color Polyester Shirt With Pleated Detail, Woven Fabric, Button Front Closure, Casual Shirt For Spring, Summer, Autumn",S$10.99,https://sg.shein.com/Women-Elegant-V-Neck-Ruffled-Blouse-Solid-Color-Polyester-Shirt-With-Pleated-Detail-Woven-Fabric-Button-Front-Closure-Casual-Shirt-For-Spring-Summer-Autumn-p-66596071.html?mallCode=1&pageListType=4&detailBusinessFrom=0-1_66596071%7C0-2,https://img.ltwebstatic.com/v4/j/spmp/2025/04/08/f7/1744047099c123f2fb64889cb601a77eba99f86e45_thumbnail_600x.webp,2026-05-31T14:21:59+08:00,,,,,
"Franclia White Polka Dot Lace V-Neck Short Sleeve T-Shirt Women, Ruched Waist Ruffle Hem Cropped Sweet & Spicy Style Top",S$0.82,https://sg.shein.com/Franclia-White-Polka-Dot-Lace-V-Neck-Short-Sleeve-T-Shirt-Women-Ruched-Waist-Ruffle-Hem-Cropped-Sweet-Spicy-Style-Top-p-433833830.html?mallCode=1&pageListType=4&detailBusinessFrom=0-1_433833830%7C0-2,https://img.ltwebstatic.com/v4/j/pi/2026/05/11/4a/17784784057d21312d53061adcfeb213eb42f87645_thumbnail_600x.webp,2026-05-31T14:21:59+08:00,,,,,Save S$0.82
Women's Pocketed Wide Leg Relaxed Denim Shorts Casual Summer,S$16.49,https://sg.shein.com/Women-s-Pocketed-Wide-Leg-Relaxed-Denim-Shorts-Casual-Summer-p-36688932.html?mallCode=1&pageListType=4&detailBusinessFrom=0-1_36688932%7C0-2,https://img.ltwebstatic.com/images3_pi/2024/06/07/7d/17177553385fbbf06cd0d16a423641fa7076100105_thumbnail_600x.webp,2026-05-31T14:21:59+08:00,,,,,90+ sold
"Slaydiva Casual Minimalist Letter & Number Graphic Women's T-Shirt, Suitable For Summer, Mesh Fabric, 95 Print, Colorblock, Sports, 90s Top Y2k Jersey",S$1.30,https://sg.shein.com/Slaydiva-Casual-Minimalist-Letter-Number-Graphic-Women-s-T-Shirt-Suitable-For-Summer-Mesh-Fabric-95-Print-Colorblock-Sports-90s-Top-Y2k-Jersey-p-125677553.html?mallCode=1&pageListType=4&detailBusinessFrom=0-1_125677553%7C0-2,https://img.ltwebstatic.com/v4/j/pi/2025/07/14/b3/1752482449fc20a09e9e8e257bdb959203b12d6316_thumbnail_600x.webp,2026-05-31T14:21:59+08:00,,,,,Save S$1.30
"Women's Elegant Casual Sleeveless Round Neck A-Line Long Dress With Pockets, Summer New Arrival",S$15.52,https://sg.shein.com/Women-s-Elegant-Casual-Sleeveless-Round-Neck-A-Line-Long-Dress-With-Pockets-Summer-New-Arrival-p-449222375.html?mallCode=1&pageListType=4&detailBusinessFrom=0-1_449222375%7C0-2,https://img.ltwebstatic.com/v4/j/spmp/2026/04/14/b8/1776133175ce64505c75d97aa38af6c8ceb329fc8a_thumbnail_600x.webp,2026-05-31T14:21:59+08:00,,-3%,,,
Jeanoix BOHO Patchwork Floral Pattern Washed Denim A-Line Skirt,S$28.49,https://sg.shein.com/Jeanoix-BOHO-Patchwork-Floral-Pattern-Washed-Denim-A-Line-Skirt-p-474773676.html?mallCode=1&pageListType=4&detailBusinessFrom=0-1_474773676%7C0-2,https://img.ltwebstatic.com/v4/j/pi/2026/05/22/ac/17794497347f075700c448efd18defe0d2b0d2b8d0_thumbnail_600x.webp,2026-05-31T14:21:59+08:00,,,,,NEW
"SHEIN LUNE Casual Geometric Floral Print Shirt For Women, Minimalist Design Suitable For Summer & Early Autumn Chic Blouses For Women",S$6.99,https://sg.shein.com/SHEIN-LUNE-Casual-Geometric-Floral-Print-Shirt-For-Women-Minimalist-Design-Suitable-For-Summer-Early-Autumn-Chic-Blouses-For-Women-p-160519390.html?mallCode=1&pageListType=4&detailBusinessFrom=0-1_160519390%7C0-2,https://img.ltwebstatic.com/v4/j/pi/2025/08/22/93/1755862660f5ab74463336898acf5d48233d53422c_thumbnail_600x.webp,2026-05-31T14:21:59+08:00,,,,,
DAZY Women's Summer Round Neck Casual Commuting Versatile Loose Short Sleeve T-Shirt,S$1.42,https://sg.shein.com/DAZY-Women-s-Summer-Round-Neck-Casual-Commuting-Versatile-Loose-Short-Sleeve-T-Shirt-p-433155621.html?mallCode=1&pageListType=4&detailBusinessFrom=0-1_433155621%7C0-2,https://img.ltwebstatic.com/v4/j/pi/2026/03/31/24/177494094592f29079e41aa8ad146e59ab07998d69_thumbnail_600x.webp,2026-05-31T14:21:59+08:00,,,,,Save S$1.42
"SHEIN Women's Fitted T-Shirt With English Letter Print, Slimming & Elegant Style, European & American",S$6.49,https://sg.shein.com/SHEIN-Women-s-Fitted-T-Shirt-With-English-Letter-Print-Slimming-Elegant-Style-European-American-p-175348657.html?mallCode=1&pageListType=4&detailBusinessFrom=0-1_175348657%7C0-2,https://img.ltwebstatic.com/v4/j/pi/2025/09/06/c1/175713878797d82cb433aaaeb5a565e9c446240053_thumbnail_600x.webp,2026-05-31T14:21:59+08:00,,,,,
"Summer New Vintage Leopard Face Print Casual Round Neck Tie-Dye Short Sleeve T-Shirt, Gorgeous Personalized Versatile Blouse For Women",S$6.99,https://sg.shein.com/Summer-New-Vintage-Leopard-Face-Print-Casual-Round-Neck-Tie-Dye-Short-Sleeve-T-Shirt-Gorgeous-Personalized-Versatile-Blouse-For-Women-p-428553047.html?mallCode=1&pageListType=4&detailBusinessFrom=0-1_428553047%7C0-2,https://img.ltwebstatic.com/v4/j/spmp/2026/04/25/98/177709958548d6ffc830d889ce2378f8281d4aaa30_thumbnail_600x.webp,2026-05-31T14:21:59+08:00,,,,,
"Lalippa Letter & Numeral Print V-Neck T-Shirt, Fashionable & Minimalist, Gift For Friends",S$9.11,https://sg.shein.com/Lalippa-Letter-Numeral-Print-V-Neck-T-Shirt-Fashionable-Minimalist-Gift-For-Friends-p-439435136.html?mallCode=1&pageListType=4&detailBusinessFrom=0-1_439435136%7C0-2,https://img.ltwebstatic.com/v4/j/pi/2026/04/11/fd/177589675732808e24bf7502b3f46aec9cbfbf4d2e_thumbnail_600x.webp,2026-05-31T14:21:59+08:00,,-4%,,,
"Vintamour Vintage Elegant Women's Dusty Pink Summer Floral Embroidery Dress With Pockets,Tea Party Wedding Guest Graduation Prom Birthday Ceremony Date Dress",S$31.99,https://sg.shein.com/Vintamour-Vintage-Elegant-Women-s-Dusty-Pink-Summer-Floral-Embroidery-Dress-With-Pockets-Tea-Party-Wedding-Guest-Graduation-Prom-Birthday-Ceremony-Date-Dress-p-470716162.html?mallCode=1&pageListType=4&detailBusinessFrom=0-1_470716162%7C0-2,https://img.ltwebstatic.com/v4/j/pi/2026/05/27/6f/177985048539f8c502a6a75e8030f839ba65ef0e9d_thumbnail_600x.webp,2026-05-31T14:21:59+08:00,,,,,
Resyla 3pcs/Set Women Versatile Casual Minimalist Summer Short Sleeve T-Shirt Set,S$13.99,https://sg.shein.com/Resyla-3pcs-Set-Women-Versatile-Casual-Minimalist-Summer-Short-Sleeve-T-Shirt-Set-p-64603795.html?mallCode=1&pageListType=4&detailBusinessFrom=0-1_64603795%7C0-2,https://img.ltwebstatic.com/images3_pi/2025/04/02/17/1743583839ebd19545e7e35bd999027390a1782a3d_thumbnail_600x.webp,2026-05-31T14:21:59+08:00,,,,,
"Pale Blue Striped Lace Patchwork Loose Blouse, French Romantic Dropped Shoulder Design, Drapey & Breathable, Casual Chic, Suitable For Commute, Dating, Daily Wear, Light French Style Vibe Top, Summer Daily Outfit, Refreshing & Brightening Spring",S$15.49,https://sg.shein.com/Pale-Blue-Striped-Lace-Patchwork-Loose-Blouse-French-Romantic-Dropped-Shoulder-Design-Drapey-Breathable-Casual-Chic-Suitable-For-Commute-Dating-Daily-Wear-Light-French-Style-Vibe-Top-Summer-Daily-Outfit-Refreshing-Brightening-Spring-p-435499495.html?mallCode=1&pageListType=4&detailBusinessFrom=0-1_435499495%7C0-2,https://img.ltwebstatic.com/v4/j/spmp/2026/05/09/ed/177833878143e030224f455058bff9e54a666fb3f9_thumbnail_600x.webp,2026-05-31T14:21:59+08:00,,,,,100+ sold
"SHEIN EZwear 3pcs Women's Summer V-Neck Tight T-Shirts, Punk Subculture Anime Solid Color Basic V-Neck Short Sleeve Slim Fit T-Shirts,Summer Top",S$14.99,https://sg.shein.com/SHEIN-EZwear-3pcs-Women-s-Summer-V-Neck-Tight-T-Shirts-Punk-Subculture-Anime-Solid-Color-Basic-V-Neck-Short-Sleeve-Slim-Fit-T-Shirts-Summer-Top-p-459954818.html?mallCode=1&pageListType=4&detailBusinessFrom=0-1_459954818%7C0-2,https://img.ltwebstatic.com/v4/j/pi/2026/04/27/8d/177725495464e3a2e6dd53792e58df71881e0294f9_thumbnail_600x.webp,2026-05-31T14:21:59+08:00,,,,,
"DAZY Women's Loose Pleated Solid Color Casual Sports Pants, Spring Fall Sweatpants",S$2.28,https://sg.shein.com/DAZY-Women-s-Loose-Pleated-Solid-Color-Casual-Sports-Pants-Spring-Fall-Sweatpants-p-54389604.html?mallCode=1&pageListType=4&detailBusinessFrom=0-1_54389604%7C0-2,https://img.ltwebstatic.com/v4/j/pi/2025/08/15/ef/17552453986382093448a31de88db69856e3398997_thumbnail_600x.webp,2026-05-31T14:21:59+08:00,,,,,Save S$2.28
"Resyla Women's Blue Colorful Diamond-Filled Round-Neck Short-Sleeved T-Shirt,90s Themed Party Night Slim Casual Summer Style Tianku Heavy Industry T-Shirt",S$6.99,https://sg.shein.com/Resyla-Women-s-Blue-Colorful-Diamond-Filled-Round-Neck-Short-Sleeved-T-Shirt-90s-Themed-Party-Night-Slim-Casual-Summer-Style-Tianku-Heavy-Industry-T-Shirt-p-456205791.html?mallCode=1&pageListType=4&detailBusinessFrom=0-1_456205791%7C0-2,https://img.ltwebstatic.com/v4/j/pi/2026/04/28/10/17773673536afc4a63bda892efc3fdbd91853f4701_thumbnail_600x.webp,2026-05-31T14:21:59+08:00,,,,,
"K-Vae Plaid Pleated Mini Skirt A Versatile, Preppy Y2k, And Leg-Lengthening Mini Skirt Back-To-School School Pink And White Summer",S$13.49,https://sg.shein.com/K-Vae-Plaid-Pleated-Mini-Skirt-A-Versatile-Preppy-Y2k-And-Leg-Lengthening-Mini-Skirt-Back-To-School-School-Pink-And-White-Summer-p-478078823.html?mallCode=1&pageListType=4&detailBusinessFrom=0-1_478078823%7C0-2,https://img.ltwebstatic.com/v4/j/pi/2026/05/22/d6/17794179958b906059ff68e2a17ea4d5e79fa4868f_thumbnail_600x.webp,2026-05-31T14:21:59+08:00,,,,,NEW
SHEIN 2pcs Women Set Casual Loose Fit Heart-Shape Embroidered Short Sleeve Top And Shorts,S$16.49,https://sg.shein.com/SHEIN-2pcs-Women-Set-Casual-Loose-Fit-Heart-Shape-Embroidered-Short-Sleeve-Top-And-Shorts-p-71767630.html?mallCode=1&pageListType=4&detailBusinessFrom=0-1_71767630%7C0-2,https://img.ltwebstatic.com/v4/j/pi/2025/06/16/f3/175003858795b64b5fb4aebe55521615a18343421b_thumbnail_600x.webp,2026-05-31T14:21:59+08:00,,,,,
SHEIN Women's Fitted Raglan Short Sleeve Crew Neck T-Shirt With White Printed Graphic,S$6.49,https://sg.shein.com/SHEIN-Women-s-Fitted-Raglan-Short-Sleeve-Crew-Neck-T-Shirt-With-White-Printed-Graphic-p-425558535.html?mallCode=1&pageListType=4&detailBusinessFrom=0-1_425558535%7C0-2,https://img.ltwebstatic.com/v4/j/pi/2026/03/19/02/17739062621e1f8f4c70103bc62e4ccbf0b99131b2_thumbnail_600x.webp,2026-05-31T14:21:59+08:00,,,,,70+ sold
Franclia New Striped V-Neck Short Sleeve T-Shirt For Women,S$8.99,https://sg.shein.com/Franclia-New-Striped-V-Neck-Short-Sleeve-T-Shirt-For-Women-p-441465288.html?mallCode=1&pageListType=4&detailBusinessFrom=0-1_441465288%7C0-2,https://img.ltwebstatic.com/v4/j/pi/2026/05/05/de/17779716725e76751f429f1c855abd19f285a9ea7f_thumbnail_600x.webp,2026-05-31T14:21:59+08:00,,,,,70+ sold
Dazy-Less Solid Color Rib Knit V-Neck Short Sleeve T-Shirt Old Money Style Summer Business Casual Woman Work Clothes,S$0.86,https://sg.shein.com/Dazy-Less-Solid-Color-Rib-Knit-V-Neck-Short-Sleeve-T-Shirt-Old-Money-Style-Summer-Business-Casual-Woman-Work-Clothes-p-27962844.html?mallCode=1&pageListType=4&detailBusinessFrom=0-1_27962844%7C0-2,https://img.ltwebstatic.com/images3_pi/2023/12/20/04/17030442805e0b27ed56332503b9cf50cf9c0844f7_thumbnail_600x.webp,2026-05-31T14:21:59+08:00,,,,,Save S$0.86
Petite Women's Solid Color High Waist Casual Flare Pants Black Spring,S$8.99,https://sg.shein.com/Petite-Women-s-Solid-Color-High-Waist-Casual-Flare-Pants-Black-Spring-p-78028194.html?mallCode=1&pageListType=4&detailBusinessFrom=0-1_78028194%7C0-2,https://img.ltwebstatic.com/v4/j/spmp/2025/07/13/1a/1752395354ab1ccd2bd0463ba83f1e12fb5a731f6c_thumbnail_600x.webp,2026-05-31T14:21:59+08:00,,,(1000+),,200+ sold
"Women's Elegant Beige Sleeveless Flared Mini Dress - Casual Pleated Fitted Soft & Comfortable Sundress, Suitable For Daily Wear, Vacation, Easter Outfit",S$10.55,https://sg.shein.com/Women-s-Elegant-Beige-Sleeveless-Flared-Mini-Dress-Casual-Pleated-Fitted-Soft-Comfortable-Sundress-Suitable-For-Daily-Wear-Vacation-Easter-Outfit-p-432908691.html?mallCode=1&pageListType=4&detailBusinessFrom=0-1_432908691%7C0-2,https://img.ltwebstatic.com/v4/j/spmp/2026/05/18/60/177907479494da73157700fc351bf3291c64facf65_thumbnail_600x.webp,2026-05-31T14:21:59+08:00,,-44%,,,
"Dazy Designer Solid Elastic Waist Tiered Hem Skirt,Ladies Casual Ruffle Hem Long Loose Natural White Plain Women Skirts,Spring/Fall,Casual Daily Wear",S$16.49,https://sg.shein.com/Dazy-Designer-Solid-Elastic-Waist-Tiered-Hem-Skirt-Ladies-Casual-Ruffle-Hem-Long-Loose-Natural-White-Plain-Women-Skirts-Spring-Fall-Casual-Daily-Wear-p-29187732.html?mallCode=1&pageListType=4&detailBusinessFrom=0-1_29187732%7C0-2,https://img.ltwebstatic.com/images3_pi/2024/01/16/70/17053680906e89e8b7ea20bbb5896e5d9e99713ce3_thumbnail_600x.webp,2026-05-31T14:21:59+08:00,,,,,200+ sold
Glimmora Women's Casual Letter & Cartoon Bear Print Round Neck Short Sleeve T-Shirt,S$1.12,https://sg.shein.com/Glimmora-Women-s-Casual-Letter-Cartoon-Bear-Print-Round-Neck-Short-Sleeve-T-Shirt-p-355835853.html?mallCode=1&pageListType=4&detailBusinessFrom=0-1_355835853%7C0-2,https://img.ltwebstatic.com/v4/j/pi/2026/01/06/74/1767687492ad9a941833a23b36d2424400b24cefed_thumbnail_600x.webp,2026-05-31T14:21:59+08:00,,,,,Save S$1.12
DAZY Women's Summer Square Neck Fitted Ribbed Casual Short Sleeve T-Shirt,S$9.49,https://sg.shein.com/DAZY-Women-s-Summer-Square-Neck-Fitted-Ribbed-Casual-Short-Sleeve-T-Shirt-p-409879532.html?mallCode=1&pageListType=4&detailBusinessFrom=0-1_409879532%7C0-2,https://img.ltwebstatic.com/v4/j/pi/2026/02/03/31/17700850446e7720664d9eb5a884574c3287a36097_thumbnail_600x.webp,2026-05-31T14:21:59+08:00,,,,,100+ sold
Resyla Summer Casual Solid Color Regular Shoulder Loose T-Shirt And Shorts Set,S$14.24,https://sg.shein.com/Resyla-Summer-Casual-Solid-Color-Regular-Shoulder-Loose-T-Shirt-And-Shorts-Set-p-411144463.html?mallCode=1&pageListType=4&detailBusinessFrom=0-1_411144463%7C0-2,https://img.ltwebstatic.com/v4/j/pi/2026/02/28/bf/177224677356b2bbbd8d24746e9748c4d25ef8f422_thumbnail_600x.webp,2026-05-31T14:21:59+08:00,,-5%,,,
"FRIFUL Women's Solid Khaki Round Neck Long Sleeve Loose Casual Versatile T-Shirt, Autumn",S$5.49,https://sg.shein.com/FRIFUL-Women-s-Solid-Khaki-Round-Neck-Long-Sleeve-Loose-Casual-Versatile-T-Shirt-Autumn-p-189944338.html?mallCode=1&pageListType=4&detailBusinessFrom=0-1_189944338%7C0-2,https://img.ltwebstatic.com/v4/j/pi/2025/09/22/f1/1758531656ef2ec754e0159abaace3bb8f6e09c871_thumbnail_600x.webp,2026-05-31T14:21:59+08:00,,-52%,,,
"Celisse French Rose Print Square Neck Jumpsuit, Chiffon Cap Sleeve, Cinched Waist Wide Leg Pants, Gentle Vibe Flattering Jumpsuit For Summer Beach Vacation",S$22.99,https://sg.shein.com/Celisse-French-Rose-Print-Square-Neck-Jumpsuit-Chiffon-Cap-Sleeve-Cinched-Waist-Wide-Leg-Pants-Gentle-Vibe-Flattering-Jumpsuit-For-Summer-Beach-Vacation-p-463770582.html?mallCode=1&pageListType=4&detailBusinessFrom=0-1_463770582%7C0-2,https://img.ltwebstatic.com/v4/j/pi/2026/05/21/4a/17793541368915e4af44f4073b10c15ab96ec9213e_thumbnail_600x.webp,2026-05-31T14:21:59+08:00,,,,,
"SHEIN LUNE 3pcs Set Black & White + Black & White Striped Women Casual Round Neck Drop Shoulder Short T-Shirts, Suitable For Spring & Summer,Summer Top",S$15.99,https://sg.shein.com/SHEIN-LUNE-3pcs-Set-Black-White-Black-White-Striped-Women-Casual-Round-Neck-Drop-Shoulder-Short-T-Shirts-Suitable-For-Spring-Summer-Summer-Top-p-427059098.html?mallCode=1&pageListType=4&detailBusinessFrom=0-1_427059098%7C0-2,https://img.ltwebstatic.com/v4/j/pi/2026/04/08/99/1775625799b7d54754ba412a740ff8e23ca72bbbf1_thumbnail_600x.webp,2026-05-31T14:21:59+08:00,,,,,
Everyssa 2pcs Women Contrast Color Short Sleeve Top And Shorts Set,S$16.49,https://sg.shein.com/Everyssa-2pcs-Women-Contrast-Color-Short-Sleeve-Top-And-Shorts-Set-p-395396134.html?mallCode=1&pageListType=4&detailBusinessFrom=0-1_395396134%7C0-2,https://img.ltwebstatic.com/v4/j/pi/2026/02/02/15/1770022851eafa1494e4b50abf40d4fb3e19c047d7_thumbnail_600x.webp,2026-05-31T14:21:59+08:00,,,,,
"Franclia Blue And White,Summer,Smart Casual,Everyday Elegant Patchwork Shirts For Ladies' Outdoor Wear,Simple White Tops,Casual Party Festival Outfits",S$11.49,https://sg.shein.com/Franclia-Blue-And-White-Summer-Smart-Casual-Everyday-Elegant-Patchwork-Shirts-For-Ladies-Outdoor-Wear-Simple-White-Tops-Casual-Party-Festival-Outfits-p-428358680.html?mallCode=1&pageListType=4&detailBusinessFrom=0-1_428358680%7C0-2,https://img.ltwebstatic.com/v4/j/pi/2026/04/09/a4/17757252456fb40e9c10056ae1d0a0ba5d11402c38_thumbnail_600x.webp,2026-05-31T14:21:59+08:00,,,,,
"Comfortcana Women's Casual Polka Dot & Striped Waist Tie Straight Leg Pants, Suitable For Summer, Daily Commute, Dating, Party, Autumn/Winter, Christmas, New Year, Thanksgiving, Party, Wedding, Beach, Graduation, Fashion, Elegant, Casual, Outing, Dating, Reservation, Commute, Shiny, Valentine's Day, Elegant, Vacation, Casual, Y2K, Outing, Graduation And Other Occasions",S$13.99,https://sg.shein.com/Comfortcana-Women-s-Casual-Polka-Dot-Striped-Waist-Tie-Straight-Leg-Pants-Suitable-For-Summer-Daily-Commute-Dating-Party-Autumn-Winter-Christmas-New-Year-Thanksgiving-Party-Wedding-Beach-Graduation-Fashion-Elegant-Casual-Outing-Dating-Reservation-Commute-Shiny-Valentine-s-Day-Elegant-Vacation-Casual-Y2K-Outing-Graduation-And-Other-Occasions-p-478774669.html?mallCode=1&pageListType=4&detailBusinessFrom=0-1_478774669%7C0-2,https://img.ltwebstatic.com/v4/j/pi/2026/05/21/1a/1779373460f2966b0dfec0df475dc35bddb9cb3468_thumbnail_600x.webp,2026-05-31T14:21:59+08:00,,,,,NEW
Sweetra Women's Casual Solid Color Tank Top For Summer,S$17.99,https://sg.shein.com/Sweetra-Women-s-Casual-Solid-Color-Tank-Top-For-Summer-p-120661178.html?mallCode=1&pageListType=4&detailBusinessFrom=0-1_120661178%7C0-2,https://img.ltwebstatic.com/v4/j/pi/2025/07/08/78/17519634840ba298d7f25af1517af4d15e6df141b9_thumbnail_600x.webp,2026-05-31T14:21:59+08:00,,,,,60+ sold
Bohemela Women's Casual Solid Color Woven Denim Loose Shorts,S$23.99,https://sg.shein.com/Bohemela-Women-s-Casual-Solid-Color-Woven-Denim-Loose-Shorts-p-481177244.html?mallCode=1&pageListType=4&detailBusinessFrom=0-1_481177244%7C0-2,https://img.ltwebstatic.com/v4/j/pi/2026/05/25/e8/177967601520e75943f3993a74bab0cc2c63fd38b3_thumbnail_600x.webp,2026-05-31T14:21:59+08:00,,,,,NEW
"Women's Loose Retro V-Neck Letter Print Short Sleeve T-Shirt, Fashionable Street Style For Summer Casual",S$7.99,https://sg.shein.com/Women-s-Loose-Retro-V-Neck-Letter-Print-Short-Sleeve-T-Shirt-Fashionable-Street-Style-For-Summer-Casual-p-412971142.html?mallCode=1&pageListType=4&detailBusinessFrom=0-1_412971142%7C0-2,https://img.ltwebstatic.com/v4/j/spmp/2026/04/09/4c/177573215696c220cce28850e2145372bd0e13c7bb_thumbnail_600x.webp,2026-05-31T14:21:59+08:00,,,,,
SHEIN Eyelet Embroidery Drop Shoulder Tee Fall Cloth For Women,S$11.51,https://sg.shein.com/SHEIN-Eyelet-Embroidery-Drop-Shoulder-Tee-Fall-Cloth-For-Women-p-19324349.html?mallCode=1&pageListType=4&detailBusinessFrom=0-1_19324349%7C0-2,https://img.ltwebstatic.com/images3_pi/2023/08/04/d9/1691139834508f2f8c9f2cf186f15ad52f45f48e98_thumbnail_600x.webp,2026-05-31T14:21:59+08:00,,-4%,,,
"Vaiaye Women's Fashion Lingerie Style Top And Spring/Summer Striped Print Round Neck Fitted Casual Vacation Sexy Camisole, Suitable For Beach Vacation & Everyday Casual Wear",S$7.49,https://sg.shein.com/Vaiaye-Women-s-Fashion-Lingerie-Style-Top-And-Spring-Summer-Striped-Print-Round-Neck-Fitted-Casual-Vacation-Sexy-Camisole-Suitable-For-Beach-Vacation-Everyday-Casual-Wear-p-238860947.html?mallCode=1&pageListType=4&detailBusinessFrom=0-1_238860947%7C0-2,https://img.ltwebstatic.com/v4/j/spmp/2026/01/12/ec/1768198653d6ace953541c8492cc174beb2a0e9bcb_thumbnail_600x.webp,2026-05-31T14:21:59+08:00,,,,,200+ sold
Franclia Women's Round Neck Color Block Casual Versatile Daily Wear Short Sleeve T-Shirt,S$8.49,https://sg.shein.com/Franclia-Women-s-Round-Neck-Color-Block-Casual-Versatile-Daily-Wear-Short-Sleeve-T-Shirt-p-453574479.html?mallCode=1&pageListType=4&detailBusinessFrom=0-1_453574479%7C0-2,https://img.ltwebstatic.com/v4/j/pi/2026/04/27/1e/177725186475b57919a038e4f40a90eccd24e07219_thumbnail_600x.webp,2026-05-31T14:21:59+08:00,,,,,
"Women's Casual Mid-Sleeve T-Shirt, Solid Color Round Neck T-Shirt, Ladies Top, Premium Crafted Neckline Spring Black",S$6.30,https://sg.shein.com/Women-s-Casual-Mid-Sleeve-T-Shirt-Solid-Color-Round-Neck-T-Shirt-Ladies-Top-Premium-Crafted-Neckline-Spring-Black-p-433686482.html?mallCode=1&pageListType=4&detailBusinessFrom=0-1_433686482%7C0-2,https://img.ltwebstatic.com/v4/j/spmp/2026/03/11/ee/1773210440bec4855a7585e5b00ff57a7d5d1bb624_thumbnail_600x.webp,2026-05-31T14:21:59+08:00,,-3%,,,90+ sold
"SHEIN High-Waisted Straight-Leg Suit Pants,Beige,Summer,Elegent,Vacation,Holiday,Double Pleats,Drape Crisp Fabric,Daily Commute Relaxed Chic Almond Trousers",S$14.99,https://sg.shein.com/SHEIN-High-Waisted-Straight-Leg-Suit-Pants-Beige-Summer-Elegent-Vacation-Holiday-Double-Pleats-Drape-Crisp-Fabric-Daily-Commute-Relaxed-Chic-Almond-Trousers-p-475940439.html?mallCode=1&pageListType=4&detailBusinessFrom=0-1_475940439%7C0-2,https://img.ltwebstatic.com/v4/j/pi/2026/05/22/47/177942303704d7281f315c2b970ae45c415210bb26_thumbnail_600x.webp,2026-05-31T14:21:59+08:00,,,,,NEW
"Livesso Women's Solid Color Round Neck Loose Long Sleeve T-Shirt,Fall Clothes",S$1.36,https://sg.shein.com/Livesso-Women-s-Solid-Color-Round-Neck-Loose-Long-Sleeve-T-Shirt-Fall-Clothes-p-39294505.html?mallCode=1&pageListType=4&detailBusinessFrom=0-1_39294505%7C0-2,https://img.ltwebstatic.com/images3_pi/2024/07/18/d5/17212995771d3612bd5b544db8e71704e3c55b786b_thumbnail_600x.webp,2026-05-31T14:21:59+08:00,,,,,Save S$1.36
SuriyaCove Women's Floral Print Casual Round Neck Short Sleeve T-Shirt,S$0.97,https://sg.shein.com/SuriyaCove-Women-s-Floral-Print-Casual-Round-Neck-Short-Sleeve-T-Shirt-p-317299624.html?mallCode=1&pageListType=4&detailBusinessFrom=0-1_317299624%7C0-2,https://img.ltwebstatic.com/v4/j/pi/2025/12/04/df/1764845173966406bdbe9f56ad3f5d0cd45e22c84a_thumbnail_600x.webp,2026-05-31T14:21:59+08:00,,,,,Save S$0.97
"JUTU Washed Ombre Color Double Craft Heart Print Short Sleeve Mid-Length T-Shirt, Summer Top For Women Casual",S$1.65,https://sg.shein.com/JUTU-Washed-Ombre-Color-Double-Craft-Heart-Print-Short-Sleeve-Mid-Length-T-Shirt-Summer-Top-For-Women-Casual-p-76791540.html?mallCode=1&pageListType=4&detailBusinessFrom=0-1_76791540%7C0-2,https://img.ltwebstatic.com/v4/j/spmp/2025/05/14/4f/17472199522498bbcb646c2dd786df8f2de645e069_thumbnail_600x.webp,2026-05-31T14:21:59+08:00,,,,,Save S$1.65
"Women's Fashion Satin Camisole Top With Tie Neck, Regular Length Casual Blouse White Summer",S$9.99,https://sg.shein.com/Women-s-Fashion-Satin-Camisole-Top-With-Tie-Neck-Regular-Length-Casual-Blouse-White-Summer-p-429746668.html?mallCode=1&pageListType=4&detailBusinessFrom=0-1_429746668%7C0-2,https://img.ltwebstatic.com/v4/j/spmp/2026/04/16/2a/17763176878cfb5a9dca7fb91ec04945bd23a14543_thumbnail_600x.webp,2026-05-31T14:21:59+08:00,,,,,50+ sold
Bohemela Summer BOHO Contrast Color Knit Patchwork Round Neck Short Sleeve Slim Fit Washed Women T-Shirt Grey Tops For Women Gray Top Distressed Top,S$15.49,https://sg.shein.com/Bohemela-Summer-BOHO-Contrast-Color-Knit-Patchwork-Round-Neck-Short-Sleeve-Slim-Fit-Washed-Women-T-Shirt-Grey-Tops-For-Women-Gray-Top-Distressed-Top-p-126000512.html?mallCode=1&pageListType=4&detailBusinessFrom=0-1_126000512%7C0-2,https://img.ltwebstatic.com/v4/j/pi/2025/12/10/c0/17653649702b541bb5477d22fefb4e03656961e118_thumbnail_600x.webp,2026-05-31T14:21:59+08:00,,,,,
Denimoi Raw Hem Straight Leg Denim Jeans Fashion Jeans Washed Jeans Fashionable Streetwear,S$32.49,https://sg.shein.com/Denimoi-Raw-Hem-Straight-Leg-Denim-Jeans-Fashion-Jeans-Washed-Jeans-Fashionable-Streetwear-p-465791420.html?mallCode=1&pageListType=4&detailBusinessFrom=0-1_465791420%7C0-2,https://img.ltwebstatic.com/v4/j/pi/2026/05/12/19/1778519800d9974b8b7e6eaf22038322644f0f6e14_thumbnail_600x.webp,2026-05-31T14:21:59+08:00,,,,,NEW
"Women's Light Blue Straight Leg Jeans, Washed Effect, Non-Stretch Fabric, With Pockets, Zipper And Button Details, Long Casual Style, Non-Stretch, Casual Elegant Style, Summer Wear, Concert Outfit, Holiday Outfit, 90% Cotton",S$22.49,https://sg.shein.com/Women-s-Light-Blue-Straight-Leg-Jeans-Washed-Effect-Non-Stretch-Fabric-With-Pockets-Zipper-And-Button-Details-Long-Casual-Style-Non-Stretch-Casual-Elegant-Style-Summer-Wear-Concert-Outfit-Holiday-Outfit-90-Cotton-p-50829060.html?mallCode=1&pageListType=4&detailBusinessFrom=0-1_50829060%7C0-2,https://img.ltwebstatic.com/v4/j/spmp/2026/05/18/28/17790709120b88259dea4a66fecceaebb47d819755_thumbnail_600x.webp,2026-05-31T14:21:59+08:00,,90%,,,
Vintage Blue Plaid Polo Collar Short Sleeve Shirt Summer,S$14.49,https://sg.shein.com/Vintage-Blue-Plaid-Polo-Collar-Short-Sleeve-Shirt-Summer-p-112988801.html?mallCode=1&pageListType=4&detailBusinessFrom=0-1_112988801%7C0-2,https://img.ltwebstatic.com/v4/j/ssms/2026/04/29/43/17774435897fb83a0eb4ba29049a03c5ea466102a5_thumbnail_600x.webp,2026-05-31T14:21:59+08:00,,,,,
"Women's Casual Loose Gray Puppy Printed Round Neck Short Sleeve T-Shirt, Breathable Street Wear For Summer",S$1.05,https://sg.shein.com/Women-s-Casual-Loose-Gray-Puppy-Printed-Round-Neck-Short-Sleeve-T-Shirt-Breathable-Street-Wear-For-Summer-p-57183320.html?mallCode=1&pageListType=4&detailBusinessFrom=0-1_57183320%7C0-2,https://img.ltwebstatic.com/v4/j/spmp/2026/03/12/7c/177329999521df3d9af03291082a6be62c7bb27b98_thumbnail_600x.webp,2026-05-31T14:21:59+08:00,,,,,Save S$1.05
"Backless Sexy Camisole Top For Women With Padded Bra, Sleeveless Cami Top, Summer Casual Black",S$7.49,https://sg.shein.com/Backless-Sexy-Camisole-Top-For-Women-With-Padded-Bra-Sleeveless-Cami-Top-Summer-Casual-Black-p-395054189.html?mallCode=1&pageListType=4&detailBusinessFrom=0-1_395054189%7C0-2,https://img.ltwebstatic.com/v4/j/spmp/2026/03/02/8b/1772420205bdadc545a9868b6bd7bf47995201a96a_thumbnail_600x.webp,2026-05-31T14:21:59+08:00,,,,,100+ sold
Airaco Women's Summer Casual Solid Color Loose Shorts,S$10.99,https://sg.shein.com/Airaco-Women-s-Summer-Casual-Solid-Color-Loose-Shorts-p-77896426.html?mallCode=1&pageListType=4&detailBusinessFrom=0-1_77896426%7C0-2,https://img.ltwebstatic.com/v4/j/pi/2025/06/03/52/174894419633537bab99572c87e96112f4b975f919_thumbnail_600x.webp,2026-05-31T14:21:59+08:00,,,,,
"Sweetra Women's Apricot V-Neck Spaghetti Strap Camisole Top & Comfortable Loose Wide Leg Pants 2-Piece Set, Bohemian Style, Spring/Summer",S$19.99,https://sg.shein.com/Sweetra-Women-s-Apricot-V-Neck-Spaghetti-Strap-Camisole-Top-Comfortable-Loose-Wide-Leg-Pants-2-Piece-Set-Bohemian-Style-Spring-Summer-p-473577667.html?mallCode=1&pageListType=4&detailBusinessFrom=0-1_473577667%7C0-2,https://img.ltwebstatic.com/v4/j/pi/2026/05/18/4b/17790710636df4fee96923f2f368479e0a44983706_thumbnail_600x.webp,2026-05-31T14:21:59+08:00,,,,,
LUMIGAL Two Tone Notched Neck Asymmetrical Hem Sleeveless Blouse,S$7.99,https://sg.shein.com/LUMIGAL-Two-Tone-Notched-Neck-Asymmetrical-Hem-Sleeveless-Blouse-p-14285571.html?mallCode=1&pageListType=4&detailBusinessFrom=0-1_14285571%7C0-2,https://img.ltwebstatic.com/v4/j/pi/2026/04/20/1e/17766757120a2df1c7a0e75dac7d1295b33218d8f6_thumbnail_600x.webp,2026-05-31T14:21:59+08:00,,,(1000+),,70+ sold
"Franclia Women's White Ribbed Knit Sleeveless Polo Top,Elegant Slim Fit Button-Down Summer Tank,Casual Office Collared Shirt,Classy Pearl Button Blouse",S$1.23,https://sg.shein.com/Franclia-Women-s-White-Ribbed-Knit-Sleeveless-Polo-Top-Elegant-Slim-Fit-Button-Down-Summer-Tank-Casual-Office-Collared-Shirt-Classy-Pearl-Button-Blouse-p-434548548.html?mallCode=1&pageListType=4&detailBusinessFrom=0-1_434548548%7C0-2,https://img.ltwebstatic.com/v4/j/pi/2026/04/25/7a/1777089636dfc7cd5bf96b821f3ecba5a2507b4784_thumbnail_600x.webp,2026-05-31T14:21:59+08:00,,,,,Save S$1.23
DAZY Solid Mock Neck Tee,S$9.99,https://sg.shein.com/DAZY-Solid-Mock-Neck-Tee-p-14956331.html?mallCode=1&pageListType=4&detailBusinessFrom=0-1_14956331%7C0-2,https://img.ltwebstatic.com/images3_pi/2024/02/18/2a/1708220456232946410e899959c1faf1f2f1022ddd_thumbnail_600x.webp,2026-05-31T14:21:59+08:00,,,,,
"Women's Fashion Polyester Spaghetti Strap Criss-Cross Ribbed Knit Camisole Tank Top, Regular Length Casual Summer",S$0.75,https://sg.shein.com/Women-s-Fashion-Polyester-Spaghetti-Strap-Criss-Cross-Ribbed-Knit-Camisole-Tank-Top-Regular-Length-Casual-Summer-p-384050504.html?mallCode=1&pageListType=4&detailBusinessFrom=0-1_384050504%7C0-2,https://img.ltwebstatic.com/v4/j/spmp/2026/01/08/f8/17678577312816404670dc6472ccce05e3a4b72970_thumbnail_600x.webp,2026-05-31T14:21:59+08:00,,,,,Save S$0.75
Resyla 2pcs Women's Black And White Striped Camisole Set,S$9.49,https://sg.shein.com/Resyla-2pcs-Women-s-Black-And-White-Striped-Camisole-Set-p-415539093.html?mallCode=1&pageListType=4&detailBusinessFrom=0-1_415539093%7C0-2,https://img.ltwebstatic.com/v4/j/pi/2026/04/27/0c/177727704933ee50cfe1d5dc25b5bbf2e864b1ddb5_thumbnail_600x.webp,2026-05-31T14:21:59+08:00,,,,,60+ sold
MUSERA Women Shorts,S$6.99,https://sg.shein.com/MUSERA-Women-Shorts-p-480655902.html?mallCode=1&pageListType=4&detailBusinessFrom=0-1_480655902%7C0-2,https://img.ltwebstatic.com/v4/j/pi/2026/05/25/63/17796992158d91b186524c5c3d1c07908be1bb2367_thumbnail_600x.webp,2026-05-31T14:21:59+08:00,,,,,NEW
"Attitoon Women's Casual Retro Car V-Neck Halter Tie-Up Contrast Color Short Sleeve T-Shirt, Suitable For Summer Carnival",S$9.49,https://sg.shein.com/Attitoon-Women-s-Casual-Retro-Car-V-Neck-Halter-Tie-Up-Contrast-Color-Short-Sleeve-T-Shirt-Suitable-For-Summer-Carnival-p-335658339.html?mallCode=1&pageListType=4&detailBusinessFrom=0-1_335658339%7C0-2,https://img.ltwebstatic.com/v4/j/pi/2025/10/29/94/1761703031e01d14dddb0566abafce00db27c65829_thumbnail_600x.webp,2026-05-31T14:21:59+08:00,,,,,90+ sold
"Women's Solid Color Bowknot Front Design Camisole, Fresh Style For Spring/Summer Casual White",S$15.49,https://sg.shein.com/Women-s-Solid-Color-Bowknot-Front-Design-Camisole-Fresh-Style-For-Spring-Summer-Casual-White-p-227199970.html?mallCode=1&pageListType=4&detailBusinessFrom=0-1_227199970%7C0-2,https://img.ltwebstatic.com/v4/j/spmp/2025/10/09/c3/175997969645a3e57081a18e99d03923bf1dd20821_thumbnail_600x.webp,2026-05-31T14:21:59+08:00,,,,,60+ sold
"Sundraya V-Neck Minimalist Pullover Short Sleeve T-Shirt, Loose Fit Waist Cinched Women's Tee",S$5.99,https://sg.shein.com/Sundraya-V-Neck-Minimalist-Pullover-Short-Sleeve-T-Shirt-Loose-Fit-Waist-Cinched-Women-s-Tee-p-189008591.html?mallCode=1&pageListType=4&detailBusinessFrom=0-1_189008591%7C0-2,https://img.ltwebstatic.com/v4/j/pi/2025/09/19/14/1758277310b392d97442a6598d1ca70b83a75a8660_thumbnail_600x.webp,2026-05-31T14:21:59+08:00,,,,,
"Striped & Polka Dot Classic Contrast Color Office Outfit, Women's Casual Round Neck Short Sleeve Minimalist T-Shirt Summer",S$7.99,https://sg.shein.com/Striped-Polka-Dot-Classic-Contrast-Color-Office-Outfit-Women-s-Casual-Round-Neck-Short-Sleeve-Minimalist-T-Shirt-Summer-p-457418186.html?mallCode=1&pageListType=4&detailBusinessFrom=0-1_457418186%7C0-2,https://img.ltwebstatic.com/v4/j/spmp/2026/04/28/2f/17773654614004876656c8d79fddcb041901c91f91_thumbnail_600x.webp,2026-05-31T14:21:59+08:00,,,,,
INAWLY Elegant & Fashionable Color Block V-Neck Cinching Waist A-Line Short Dress For Women,S$10.99,https://sg.shein.com/INAWLY-Elegant-Fashionable-Color-Block-V-Neck-Cinching-Waist-A-Line-Short-Dress-For-Women-p-100127532.html?mallCode=1&pageListType=4&detailBusinessFrom=0-1_100127532%7C0-2,https://img.ltwebstatic.com/v4/j/pi/2025/08/28/76/175638286495e57d622bc147fc051f50cdb70b1bef_thumbnail_600x.webp,2026-05-31T14:21:59+08:00,,,,,
"SOLERSUN Women's Spring/Summer Elegant Abstract Striped Print Skirt - Street Fashion, Business-Casual Commuting, Versatile Daily Wear, Holiday & Party Attire, Stylish & Comfortable For Outings, Summer-Vibe Women's Skirt",S$8.80,https://sg.shein.com/SOLERSUN-Women-s-Spring-Summer-Elegant-Abstract-Striped-Print-Skirt-Street-Fashion-Business-Casual-Commuting-Versatile-Daily-Wear-Holiday-Party-Attire-Stylish-Comfortable-For-Outings-Summer-Vibe-Women-s-Skirt-p-477363472.html?mallCode=1&pageListType=4&detailBusinessFrom=0-1_477363472%7C0-2,https://img.ltwebstatic.com/v4/j/pi/2026/05/21/45/17793641784f85462a20579e08d55f19fe0b95f7ad_thumbnail_600x.webp,2026-05-31T14:21:59+08:00,,-2%,,,
"Women's Casual Round Neck Loose Fitting Letter & Heart Print Short Sleeve T-Shirt, Versatile For Spring/Summer White",S$6.49,https://sg.shein.com/Women-s-Casual-Round-Neck-Loose-Fitting-Letter-Heart-Print-Short-Sleeve-T-Shirt-Versatile-For-Spring-Summer-White-p-365987882.html?mallCode=1&pageListType=4&detailBusinessFrom=0-1_365987882%7C0-2,https://img.ltwebstatic.com/v4/j/spmp/2026/02/10/f2/17707005828e07bc915c0f631f5abf3e2830f42deb_thumbnail_600x.webp,2026-05-31T14:21:59+08:00,,,,,
"SuriyaCove Paris Skyline Women's T-Shirt, Paris Cool Line Art Print Round Neck Short Sleeve Casual Tee Paris Graphic Tees Women Tops",S$0.60,https://sg.shein.com/SuriyaCove-Paris-Skyline-Women-s-T-Shirt-Paris-Cool-Line-Art-Print-Round-Neck-Short-Sleeve-Casual-Tee-Paris-Graphic-Tees-Women-Tops-p-37548052.html?mallCode=1&pageListType=4&detailBusinessFrom=0-1_37548052%7C0-2,https://img.ltwebstatic.com/images3_pi/2024/06/26/85/1719379242d938ec90deb0373b184672253367e608_thumbnail_600x.webp,2026-05-31T14:21:59+08:00,,,,,Save S$0.60
"Lalippa Brazilian Vertical Stripe Digital Print Casual Oversized Mid-Length Round Neck Drop Shoulder Women T-Shirt, Gift For Friends",S$9.99,https://sg.shein.com/Lalippa-Brazilian-Vertical-Stripe-Digital-Print-Casual-Oversized-Mid-Length-Round-Neck-Drop-Shoulder-Women-T-Shirt-Gift-For-Friends-p-417079915.html?mallCode=1&pageListType=4&detailBusinessFrom=0-1_417079915%7C0-2,https://img.ltwebstatic.com/v4/j/pi/2026/03/10/f2/1773130418a36170a93eba6e9ab183e667cada85c9_thumbnail_600x.webp,2026-05-31T14:21:59+08:00,,,,,100+ sold
SHEIN Women's Summer Polka Dot Print Ruched Off-Shoulder T-Shirt,S$6.99,https://sg.shein.com/SHEIN-Women-s-Summer-Polka-Dot-Print-Ruched-Off-Shoulder-T-Shirt-p-451029055.html?mallCode=1&pageListType=4&detailBusinessFrom=0-1_451029055%7C0-2,https://sc.ltwebstatic.com/she_dist/images/bg-grey-solid-color-fc04c1310d.png,2026-05-31T14:21:59+08:00,,,,,
"SHEIN PETITE Petite Ladies Pink And White Casual Home Striped Trousers Suitable For Spring And Summer,Cargo Pants",S$11.49,https://sg.shein.com/SHEIN-PETITE-Petite-Ladies-Pink-And-White-Casual-Home-Striped-Trousers-Suitable-For-Spring-And-Summer-Cargo-Pants-p-71347574.html?mallCode=1&pageListType=4&detailBusinessFrom=0-1_71347574%7C0-2,https://sc.ltwebstatic.com/she_dist/images/bg-grey-solid-color-fc04c1310d.png,2026-05-31T14:21:59+08:00,,,,,100+ sold
Zestiva Women's Sexy Leopard Print Bikini Set For Summer Beach,S$11.99,https://sg.shein.com/Zestiva-Women-s-Sexy-Leopard-Print-Bikini-Set-For-Summer-Beach-p-483472294.html?mallCode=1&pageListType=4&detailBusinessFrom=0-1_483472294%7C0-2,https://sc.ltwebstatic.com/she_dist/images/bg-grey-solid-color-fc04c1310d.png,2026-05-31T14:21:59+08:00,,,,,NEW
"Glimmora Lace Trim Slim Fit Camisole, Versatile And Slimming, Summer",S$7.99,https://sg.shein.com/Glimmora-Lace-Trim-Slim-Fit-Camisole-Versatile-And-Slimming-Summer-p-447721643.html?mallCode=1&pageListType=4&detailBusinessFrom=0-1_447721643%7C0-2,https://sc.ltwebstatic.com/she_dist/images/bg-grey-solid-color-fc04c1310d.png,2026-05-31T14:21:59+08:00,,,,,
"SHEIN Women's Round Neck Short Sleeve Casual Striped T-Shirt, Versatile For Daily Wear, Summer",S$5.17,https://sg.shein.com/SHEIN-Women-s-Round-Neck-Short-Sleeve-Casual-Striped-T-Shirt-Versatile-For-Daily-Wear-Summer-p-312843061.html?mallCode=1&pageListType=4&detailBusinessFrom=0-1_312843061%7C0-2,https://sc.ltwebstatic.com/she_dist/images/bg-grey-solid-color-fc04c1310d.png,2026-05-31T14:21:59+08:00,,-35%,,,
EMERY ROSE Women Summer Solid Color Button Decorated Batwing Sleeved Casual Bubble Checkered Hooded T-Shirt,S$10.49,https://sg.shein.com/EMERY-ROSE-Women-Summer-Solid-Color-Button-Decorated-Batwing-Sleeved-Casual-Bubble-Checkered-Hooded-T-Shirt-p-34063756.html?mallCode=1&pageListType=4&detailBusinessFrom=0-1_34063756%7C0-2,https://sc.ltwebstatic.com/she_dist/images/bg-grey-solid-color-fc04c1310d.png,2026-05-31T14:21:59+08:00,,,,,
Franclia Women's Round Neck Colorblock Striped Print Casual Short Sleeve T-Shirt,S$8.49,https://sg.shein.com/Franclia-Women-s-Round-Neck-Colorblock-Striped-Print-Casual-Short-Sleeve-T-Shirt-p-444977301.html?mallCode=1&pageListType=4&detailBusinessFrom=0-1_444977301%7C0-2,https://sc.ltwebstatic.com/she_dist/images/bg-grey-solid-color-fc04c1310d.png,2026-05-31T14:21:59+08:00,,,,,
"New Fashionable Elegant Solid Color Casual Versatile Waist Ruched T-Shirt, Suitable For Daily, School, Beach, Vacation, And Home Wear Black Summer",S$6.99,https://sg.shein.com/New-Fashionable-Elegant-Solid-Color-Casual-Versatile-Waist-Ruched-T-Shirt-Suitable-For-Daily-School-Beach-Vacation-And-Home-Wear-Black-Summer-p-354984320.html?mallCode=1&pageListType=4&detailBusinessFrom=0-1_354984320%7C0-2,https://sc.ltwebstatic.com/she_dist/images/bg-grey-solid-color-fc04c1310d.png,2026-05-31T14:21:59+08:00,,,,,100+ sold
SHEIN Tall Women's Elegant French Vacation Casual Faux Linen White Lined Pocket Long Pants,S$21.49,https://sg.shein.com/SHEIN-Tall-Women-s-Elegant-French-Vacation-Casual-Faux-Linen-White-Lined-Pocket-Long-Pants-p-484874550.html?mallCode=1&pageListType=4&detailBusinessFrom=0-1_484874550%7C0-2,https://sc.ltwebstatic.com/she_dist/images/bg-grey-solid-color-fc04c1310d.png,2026-05-31T14:21:59+08:00,,,,,NEW
SuriyaCove Retro American Y2K Style Minimalist Women Sweatpants,S$14.99,https://sg.shein.com/SuriyaCove-Retro-American-Y2K-Style-Minimalist-Women-Sweatpants-p-209903633.html?mallCode=1&pageListType=4&detailBusinessFrom=0-1_209903633%7C0-2,https://sc.ltwebstatic.com/she_dist/images/bg-grey-solid-color-fc04c1310d.png,2026-05-31T14:21:59+08:00,,,,,200+ sold
"Cartoon Pattern Short Sleeve Mid-Length T-Shirt, Fashionable Casual Top For Women Summer",S$0.39,https://sg.shein.com/Cartoon-Pattern-Short-Sleeve-Mid-Length-T-Shirt-Fashionable-Casual-Top-For-Women-Summer-p-368881222.html?mallCode=1&pageListType=4&detailBusinessFrom=0-1_368881222%7C0-2,https://sc.ltwebstatic.com/she_dist/images/bg-grey-solid-color-fc04c1310d.png,2026-05-31T14:21:59+08:00,,,,,Save S$0.39
Glimmora Women's Striped Asymmetrical Shoulder Short Sleeve Casual T-Shirt,S$0.72,https://sg.shein.com/Glimmora-Women-s-Striped-Asymmetrical-Shoulder-Short-Sleeve-Casual-T-Shirt-p-427479567.html?mallCode=1&pageListType=4&detailBusinessFrom=0-1_427479567%7C0-2,https://sc.ltwebstatic.com/she_dist/images/bg-grey-solid-color-fc04c1310d.png,2026-05-31T14:21:59+08:00,,,,,Save S$0.72
"Qadelle Women's Elegant Color Block Short Sleeve Blouse, Summer",S$10.49,https://sg.shein.com/Qadelle-Women-s-Elegant-Color-Block-Short-Sleeve-Blouse-Summer-p-408599997.html?mallCode=1&pageListType=4&detailBusinessFrom=0-1_408599997%7C0-2,https://sc.ltwebstatic.com/she_dist/images/bg-grey-solid-color-fc04c1310d.png,2026-05-31T14:21:59+08:00,,,,,50+ sold
"Attitoon Women's Casual Contrast Color Polo Collar Short Sleeve T-Shirt, Daily Wear,Summer Clothing,Vintage,95% Cotton,Casual,Sport,Graduation,Summer Top",S$1.56,https://sg.shein.com/Attitoon-Women-s-Casual-Contrast-Color-Polo-Collar-Short-Sleeve-T-Shirt-Daily-Wear-Summer-Clothing-Vintage-95-Cotton-Casual-Sport-Graduation-Summer-Top-p-418943629.html?mallCode=1&pageListType=4&detailBusinessFrom=0-1_418943629%7C0-2,https://sc.ltwebstatic.com/she_dist/images/bg-grey-solid-color-fc04c1310d.png,2026-05-31T14:21:59+08:00,,,,,Save S$1.56
"Denimoi Women's Casual Mini Denim Skirt, Summer",S$21.99,https://sg.shein.com/Denimoi-Women-s-Casual-Mini-Denim-Skirt-Summer-p-465790243.html?mallCode=1&pageListType=4&detailBusinessFrom=0-1_465790243%7C0-2,https://sc.ltwebstatic.com/she_dist/images/bg-grey-solid-color-fc04c1310d.png,2026-05-31T14:21:59+08:00,,,,,NEW
"Zayélia New Summer Women Sleeveless Loose Fit Collared Discounted Tank Top, Slimming",S$7.99,https://sg.shein.com/Zaye-lia-New-Summer-Women-Sleeveless-Loose-Fit-Collared-Discounted-Tank-Top-Slimming-p-92770788.html?mallCode=1&pageListType=4&detailBusinessFrom=0-1_92770788%7C0-2,https://sc.ltwebstatic.com/she_dist/images/bg-grey-solid-color-fc04c1310d.png,2026-05-31T14:21:59+08:00,,,,,70+ sold
"Aloruh Women's Dark Brown Seksi Chic Halter Neck Dress,Summmer Ruffled Hem Solid Color Elegant Party Dresses For Women,Bar Party Vacation Outfits,Commuter",S$17.99,https://sg.shein.com/Aloruh-Women-s-Dark-Brown-Seksi-Chic-Halter-Neck-Dress-Summmer-Ruffled-Hem-Solid-Color-Elegant-Party-Dresses-For-Women-Bar-Party-Vacation-Outfits-Commuter-p-158508192.html?mallCode=1&pageListType=4&detailBusinessFrom=0-1_158508192%7C0-2,https://sc.ltwebstatic.com/she_dist/images/bg-grey-solid-color-fc04c1310d.png,2026-05-31T14:21:59+08:00,,,,,200+ sold
SHEIN Women's Contrast Color Printed V-Neck Fitted Short Sleeve T-Shirt,S$6.99,https://sg.shein.com/SHEIN-Women-s-Contrast-Color-Printed-V-Neck-Fitted-Short-Sleeve-T-Shirt-p-445751714.html?mallCode=1&pageListType=4&detailBusinessFrom=0-1_445751714%7C0-2,https://sc.ltwebstatic.com/she_dist/images/bg-grey-solid-color-fc04c1310d.png,2026-05-31T14:21:59+08:00,,,,,
DAZY High Waist Wide Leg Shorts,S$11.99,https://sg.shein.com/DAZY-High-Waist-Wide-Leg-Shorts-p-10294783.html?mallCode=1&pageListType=4&detailBusinessFrom=0-1_10294783%7C0-2,https://sc.ltwebstatic.com/she_dist/images/bg-grey-solid-color-fc04c1310d.png,2026-05-31T14:21:59+08:00,,,(1000+),,200+ sold
"Attitoon Women's Lobster Print Slim Fit T-Shirt,Casual Crew Neck Short Sleeve Graphic Tees,Red White And Blue,Summer,Streetwear,City Break,Vacations",S$9.49,https://sg.shein.com/Attitoon-Women-s-Lobster-Print-Slim-Fit-T-Shirt-Casual-Crew-Neck-Short-Sleeve-Graphic-Tees-Red-White-And-Blue-Summer-Streetwear-City-Break-Vacations-p-296853044.html?mallCode=1&pageListType=4&detailBusinessFrom=0-1_296853044%7C0-2,https://sc.ltwebstatic.com/she_dist/images/bg-grey-solid-color-fc04c1310d.png,2026-05-31T14:21:59+08:00,,,,,
Bohemela Women's Summer Casual Vintage Denim Patchwork Shorts|Washed|Striped Panel|Festival & Beach,S$23.49,https://sg.shein.com/Bohemela-Women-s-Summer-Casual-Vintage-Denim-Patchwork-Shorts-Washed-Striped-Panel-Festival-Beach-p-466720481.html?mallCode=1&pageListType=4&detailBusinessFrom=0-1_466720481%7C0-2,https://sc.ltwebstatic.com/she_dist/images/bg-grey-solid-color-fc04c1310d.png,2026-05-31T14:21:59+08:00,,,,,NEW
DAZY Women Loose Casual Denim Capri Shorts For Summer Denim Shorts Jorts,S$2.34,https://sg.shein.com/DAZY-Women-Loose-Casual-Denim-Capri-Shorts-For-Summer-Denim-Shorts-Jorts-p-88637994.html?mallCode=1&pageListType=4&detailBusinessFrom=0-1_88637994%7C0-2,https://sc.ltwebstatic.com/she_dist/images/bg-grey-solid-color-fc04c1310d.png,2026-05-31T14:21:59+08:00,,,,,Save S$2.34
"FRIFUL Women's Wavy Striped Loose Contrast Trim Short Sleeve T-Shirt, Summer Casual Wear",S$11.99,https://sg.shein.com/FRIFUL-Women-s-Wavy-Striped-Loose-Contrast-Trim-Short-Sleeve-T-Shirt-Summer-Casual-Wear-p-459951368.html?mallCode=1&pageListType=4&detailBusinessFrom=0-1_459951368%7C0-2,https://sc.ltwebstatic.com/she_dist/images/bg-grey-solid-color-fc04c1310d.png,2026-05-31T14:21:59+08:00,,,,,
"Japanese Style Women's Loose Crew Neck Casual Versatile Letter, Fish & Ocean Print Short Sleeve T-Shirt, Spring/Summer",S$6.99,https://sg.shein.com/Japanese-Style-Women-s-Loose-Crew-Neck-Casual-Versatile-Letter-Fish-Ocean-Print-Short-Sleeve-T-Shirt-Spring-Summer-p-358779828.html?mallCode=1&pageListType=4&detailBusinessFrom=0-1_358779828%7C0-2,https://sc.ltwebstatic.com/she_dist/images/bg-grey-solid-color-fc04c1310d.png,2026-05-31T14:21:59+08:00,,,,,
"Easowa Women's Casual Loose Fit Round Neck Drop Shoulder Short Sleeve T-Shirt, Comfortable For Summer",S$7.99,https://sg.shein.com/Easowa-Women-s-Casual-Loose-Fit-Round-Neck-Drop-Shoulder-Short-Sleeve-T-Shirt-Comfortable-For-Summer-p-25361168.html?mallCode=1&pageListType=4&detailBusinessFrom=0-1_25361168%7C0-2,https://sc.ltwebstatic.com/she_dist/images/bg-grey-solid-color-fc04c1310d.png,2026-05-31T14:21:59+08:00,,,,,
"FavEase Women Light Pink V-Neck Long Sleeve Cropped Tight T-Shirt,Highly Elastic Soft Wrap Yoga Fitness Sports Top,Minimalist Summer Casual Brunch Essential",S$7.99,https://sg.shein.com/FavEase-Women-Light-Pink-V-Neck-Long-Sleeve-Cropped-Tight-T-Shirt-Highly-Elastic-Soft-Wrap-Yoga-Fitness-Sports-Top-Minimalist-Summer-Casual-Brunch-Essential-p-321826619.html?mallCode=1&pageListType=4&detailBusinessFrom=0-1_321826619%7C0-2,https://sc.ltwebstatic.com/she_dist/images/bg-grey-solid-color-fc04c1310d.png,2026-05-31T14:21:59+08:00,,,,,100+ sold
"Women's Casual Loose Mesh Patchwork Short Sleeve Sports T-Shirt, Summer",S$7.41,https://sg.shein.com/Women-s-Casual-Loose-Mesh-Patchwork-Short-Sleeve-Sports-T-Shirt-Summer-p-461406208.html?mallCode=1&pageListType=4&detailBusinessFrom=0-1_461406208%7C0-2,https://sc.ltwebstatic.com/she_dist/images/bg-grey-solid-color-fc04c1310d.png,2026-05-31T14:21:59+08:00,,-13%,,,
"SHEIN EZwear Women's V-Neck Striped Short Sleeve T-Shirt, Minimalist And Fashionable, Suitable For Summer",S$7.99,https://sg.shein.com/SHEIN-EZwear-Women-s-V-Neck-Striped-Short-Sleeve-T-Shirt-Minimalist-And-Fashionable-Suitable-For-Summer-p-61559390.html?mallCode=1&pageListType=4&detailBusinessFrom=0-1_61559390%7C0-2,https://sc.ltwebstatic.com/she_dist/images/bg-grey-solid-color-fc04c1310d.png,2026-05-31T14:21:59+08:00,,,,,70+ sold
Franclia Women's Solid Color Halter Casual Versatile Daily Wear Top,S$6.49,https://sg.shein.com/Franclia-Women-s-Solid-Color-Halter-Casual-Versatile-Daily-Wear-Top-p-391306229.html?mallCode=1&pageListType=4&detailBusinessFrom=0-1_391306229%7C0-2,https://sc.ltwebstatic.com/she_dist/images/bg-grey-solid-color-fc04c1310d.png,2026-05-31T14:21:59+08:00,,,,,70+ sold
DAZY Women's Regular Mid-Waist Banana Pants Casual Jeans,S$2.91,https://sg.shein.com/DAZY-Women-s-Regular-Mid-Waist-Banana-Pants-Casual-Jeans-p-154180869.html?mallCode=1&pageListType=4&detailBusinessFrom=0-1_154180869%7C0-2,https://sc.ltwebstatic.com/she_dist/images/bg-grey-solid-color-fc04c1310d.png,2026-05-31T14:21:59+08:00,,,,,Save S$2.91
Dazy-Less Solid Crew Neck Crop Tee Summer Preppy Tops Business Casual Woman Work Clothes,S$1.10,https://sg.shein.com/Dazy-Less-Solid-Crew-Neck-Crop-Tee-Summer-Preppy-Tops-Business-Casual-Woman-Work-Clothes-p-9653617.html?mallCode=1&pageListType=4&detailBusinessFrom=0-1_9653617%7C0-2,https://sc.ltwebstatic.com/she_dist/images/bg-grey-solid-color-fc04c1310d.png,2026-05-31T14:21:59+08:00,,,,,Save S$1.10
"FRIFUL Women's Casual Loose Sheer Mesh See-Through Solid Color T-Shirt, Versatile For Spring And Summer",S$7.99,https://sg.shein.com/FRIFUL-Women-s-Casual-Loose-Sheer-Mesh-See-Through-Solid-Color-T-Shirt-Versatile-For-Spring-And-Summer-p-411281185.html?mallCode=1&pageListType=4&detailBusinessFrom=0-1_411281185%7C0-2,https://sc.ltwebstatic.com/she_dist/images/bg-grey-solid-color-fc04c1310d.png,2026-05-31T14:21:59+08:00,,,,,
Vintamour Vintage Elegant Women Floral Jacquard Textured A-Line Skirt Casual Holiday Party Skirt Summer Dresses For Women Summer Clothes Summer Outfits For Women Festival Outfits For Women Elegant Dresses For Party Elegant Party Dresses For Women Elegant Long Party Skirt Wedding Guest Skirt For Women Wedding Guest Party Skirt Graduation Dresses Prom Skirt Elegant Dresses For Women Vacation Outfits Women Holiday Outfits For Women Yellow Skirt Women's Country Clothing,S$16.99,https://sg.shein.com/Vintamour-Vintage-Elegant-Women-Floral-Jacquard-Textured-A-Line-Skirt-Casual-Holiday-Party-Skirt-Summer-Dresses-For-Women-Summer-Clothes-Summer-Outfits-For-Women-Festival-Outfits-For-Women-Elegant-Dresses-For-Party-Elegant-Party-Dresses-For-Women-Elegant-Long-Party-Skirt-Wedding-Guest-Skirt-For-Women-Wedding-Guest-Party-Skirt-Graduation-Dresses-Prom-Skirt-Elegant-Dresses-For-Women-Vacation-Outfits-Women-Holiday-Outfits-For-Women-Yellow-Skirt-Women-s-Country-Clothing-p-478165034.html?mallCode=1&pageListType=4&detailBusinessFrom=0-1_478165034%7C0-2,https://sc.ltwebstatic.com/she_dist/images/bg-grey-solid-color-fc04c1310d.png,2026-05-31T14:21:59+08:00,,,,,NEW
"SHEIN VCAY 3pcs Set Women Summer Woven Fashionable Multi-Color Linen Shorts, Summer For Women, Festival For Women",S$17.49,https://sg.shein.com/SHEIN-VCAY-3pcs-Set-Women-Summer-Woven-Fashionable-Multi-Color-Linen-Shorts-Summer-For-Women-Festival-For-Women-p-64656826.html?mallCode=1&pageListType=4&detailBusinessFrom=0-1_64656826%7C0-2,https://sc.ltwebstatic.com/she_dist/images/bg-grey-solid-color-fc04c1310d.png,2026-05-31T14:21:59+08:00,,,,,100+ sold
"Cartoon Headphone Print Short Sleeve Mid-Length T-Shirt, Fashionable Casual Top For Women Summer",S$5.33,https://sg.shein.com/Cartoon-Headphone-Print-Short-Sleeve-Mid-Length-T-Shirt-Fashionable-Casual-Top-For-Women-Summer-p-369080564.html?mallCode=1&pageListType=4&detailBusinessFrom=0-1_369080564%7C0-2,https://sc.ltwebstatic.com/she_dist/images/bg-grey-solid-color-fc04c1310d.png,2026-05-31T14:21:59+08:00,,-3%,,,50+ sold
"Washed Oversized Black Long Sleeve T-Shirt For Women, Loose Vintage Chic Casual Summer",S$6.78,https://sg.shein.com/Washed-Oversized-Black-Long-Sleeve-T-Shirt-For-Women-Loose-Vintage-Chic-Casual-Summer-p-392026888.html?mallCode=1&pageListType=4&detailBusinessFrom=0-1_392026888%7C0-2,https://sc.ltwebstatic.com/she_dist/images/bg-grey-solid-color-fc04c1310d.png,2026-05-31T14:21:59+08:00,,-3%,,,High Repeat Customers
Coolane Women's Summer/All-Season Country Concert Going Out Beach Boho Basic Minimalist Washed 100% Cotton Curved Hem Pants,S$16.49,https://sg.shein.com/Coolane-Women-s-Summer-All-Season-Country-Concert-Going-Out-Beach-Boho-Basic-Minimalist-Washed-100-Cotton-Curved-Hem-Pants-p-132708081.html?mallCode=1&pageListType=4&detailBusinessFrom=0-1_132708081%7C0-2,https://sc.ltwebstatic.com/she_dist/images/bg-grey-solid-color-fc04c1310d.png,2026-05-31T14:21:59+08:00,,00%,,,100+ sold
"Women's Soft Satin V-Neck Asymmetric Lace Trim Hem Fitted Camisole Top, Semi-Sheer Eyelash Lace Design, Suitable For Date Night, Casual Street Style, And Slouchy Atmosphere, Beach Vacation Outfit Black Summer",S$8.49,https://sg.shein.com/Women-s-Soft-Satin-V-Neck-Asymmetric-Lace-Trim-Hem-Fitted-Camisole-Top-Semi-Sheer-Eyelash-Lace-Design-Suitable-For-Date-Night-Casual-Street-Style-And-Slouchy-Atmosphere-Beach-Vacation-Outfit-Black-Summer-p-288225924.html?mallCode=1&pageListType=4&detailBusinessFrom=0-1_288225924%7C0-2,https://sc.ltwebstatic.com/she_dist/images/bg-grey-solid-color-fc04c1310d.png,2026-05-31T14:21:59+08:00,,,,,60+ sold
"Women's Casual French Romantic Style Round Neck Knit Short Sleeve Top, Summer",S$16.99,https://sg.shein.com/Women-s-Casual-French-Romantic-Style-Round-Neck-Knit-Short-Sleeve-Top-Summer-p-433327323.html?mallCode=1&pageListType=4&detailBusinessFrom=0-1_433327323%7C0-2,https://sc.ltwebstatic.com/she_dist/images/bg-grey-solid-color-fc04c1310d.png,2026-05-31T14:21:59+08:00,,,,,High Repeat Customers
"Breezaya Women's Elegant V-Neck White With Black Polka Dots Summer Casual Shirt,Loose-Fitting Stylish Top For Holiday,Vacation,Business Office Wear,Holiday",S$9.99,https://sg.shein.com/Breezaya-Women-s-Elegant-V-Neck-White-With-Black-Polka-Dots-Summer-Casual-Shirt-Loose-Fitting-Stylish-Top-For-Holiday-Vacation-Business-Office-Wear-Holiday-p-434906086.html?mallCode=1&pageListType=4&detailBusinessFrom=0-1_434906086%7C0-2,https://sc.ltwebstatic.com/she_dist/images/bg-grey-solid-color-fc04c1310d.png,2026-05-31T14:21:59+08:00,,,,,
"SHEIN Holidaya Limoncello T-Shirt, Amalfi Coast Italy Lemons T-Shirt",S$7.49,https://sg.shein.com/SHEIN-Holidaya-Limoncello-T-Shirt-Amalfi-Coast-Italy-Lemons-T-Shirt-p-68196937.html?mallCode=1&pageListType=4&detailBusinessFrom=0-1_68196937%7C0-2,https://sc.ltwebstatic.com/she_dist/images/bg-grey-solid-color-fc04c1310d.png,2026-05-31T14:21:59+08:00,,,,,
Livesso Women's Striped Wide Leg Pants With Drawstring Waist For Casual Wear Summer,S$20.49,https://sg.shein.com/Livesso-Women-s-Striped-Wide-Leg-Pants-With-Drawstring-Waist-For-Casual-Wear-Summer-p-30669381.html?mallCode=1&pageListType=4&detailBusinessFrom=0-1_30669381%7C0-2,https://sc.ltwebstatic.com/she_dist/images/bg-grey-solid-color-fc04c1310d.png,2026-05-31T14:21:59+08:00,,,,,
Franclia Women's Plain Collar Short Sleeve Casual Pleated T-Shirt,S$7.99,https://sg.shein.com/Franclia-Women-s-Plain-Collar-Short-Sleeve-Casual-Pleated-T-Shirt-p-60639733.html?mallCode=1&pageListType=4&detailBusinessFrom=0-1_60639733%7C0-2,https://sc.ltwebstatic.com/she_dist/images/bg-grey-solid-color-fc04c1310d.png,2026-05-31T14:21:59+08:00,,,,,70+ sold
Resyla 2pcs Women Letter Print Round Neck Short Sleeve Top And Elastic Waist Pants Casual Set,S$19.49,https://sg.shein.com/Resyla-2pcs-Women-Letter-Print-Round-Neck-Short-Sleeve-Top-And-Elastic-Waist-Pants-Casual-Set-p-218804428.html?mallCode=1&pageListType=4&detailBusinessFrom=0-1_218804428%7C0-2,https://sc.ltwebstatic.com/she_dist/images/bg-grey-solid-color-fc04c1310d.png,2026-05-31T14:21:59+08:00,,,,,
"Aveloria Modichic Elegant Urban Chic Lapel Collar Metal Buckle Belt Sleeveless Women's Blazer Jacket, Versatile For Commuting",S$24.99,https://sg.shein.com/Aveloria-Modichic-Elegant-Urban-Chic-Lapel-Collar-Metal-Buckle-Belt-Sleeveless-Women-s-Blazer-Jacket-Versatile-For-Commuting-p-454338858.html?mallCode=1&pageListType=4&detailBusinessFrom=0-1_454338858%7C0-2,https://sc.ltwebstatic.com/she_dist/images/bg-grey-solid-color-fc04c1310d.png,2026-05-31T14:21:59+08:00,,,,,
"Sweetra Women's Retro Elegant Jacquard Crimp Pleated Wide-Leg Pants, Autumn/Winter Fall Cloth For Women",S$16.49,https://sg.shein.com/Sweetra-Women-s-Retro-Elegant-Jacquard-Crimp-Pleated-Wide-Leg-Pants-Autumn-Winter-Fall-Cloth-For-Women-p-47131565.html?mallCode=1&pageListType=4&detailBusinessFrom=0-1_47131565%7C0-2,https://sc.ltwebstatic.com/she_dist/images/bg-grey-solid-color-fc04c1310d.png,2026-05-31T14:21:59+08:00,,,(1000+),,100+ sold
Vintage Washed Street Style Casual Short Sleeve New York City Graphic Print T-Shirt Black Summer,S$0.97,https://sg.shein.com/Vintage-Washed-Street-Style-Casual-Short-Sleeve-New-York-City-Graphic-Print-T-Shirt-Black-Summer-p-449581590.html?mallCode=1&pageListType=4&detailBusinessFrom=0-1_449581590%7C0-2,https://sc.ltwebstatic.com/she_dist/images/bg-grey-solid-color-fc04c1310d.png,2026-05-31T14:21:59+08:00,,,,,Save S$0.97
DAZY Split Hem Skort,S$14.49,https://sg.shein.com/DAZY-Split-Hem-Skort-p-19188252.html?mallCode=1&pageListType=4&detailBusinessFrom=0-1_19188252%7C0-2,https://sc.ltwebstatic.com/she_dist/images/bg-grey-solid-color-fc04c1310d.png,2026-05-31T14:21:59+08:00,,,,,60+ sold
Jeta Ari Ribbed Crew Neck Button Through Short Sleeve T-Shirt Spring Summer Cute Casual Sunday Best Airport Holiday Fall Back To School Autumn Winter,S$12.49,https://sg.shein.com/Jeta-Ari-Ribbed-Crew-Neck-Button-Through-Short-Sleeve-T-Shirt-Spring-Summer-Cute-Casual-Sunday-Best-Airport-Holiday-Fall-Back-To-School-Autumn-Winter-p-151312447.html?mallCode=1&pageListType=4&detailBusinessFrom=0-1_151312447%7C0-2,https://sc.ltwebstatic.com/she_dist/images/bg-grey-solid-color-fc04c1310d.png,2026-05-31T14:21:59+08:00,,,,,
"FRIFUL Women's Solid Color Metal Button Decor Loose Casual Versatile Jacket, Spring/Summer",S$20.49,https://sg.shein.com/FRIFUL-Women-s-Solid-Color-Metal-Button-Decor-Loose-Casual-Versatile-Jacket-Spring-Summer-p-408224845.html?mallCode=1&pageListType=4&detailBusinessFrom=0-1_408224845%7C0-2,https://sc.ltwebstatic.com/she_dist/images/bg-grey-solid-color-fc04c1310d.png,2026-05-31T14:21:59+08:00,,,,,
Aloruh Women's Summer New Elegant Sexy Beachwear Floral Art Halter Neck Tie Strap Beaded Seaside Vacation Outfit Fashion Swimsuit Set,S$11.49,https://sg.shein.com/Aloruh-Women-s-Summer-New-Elegant-Sexy-Beachwear-Floral-Art-Halter-Neck-Tie-Strap-Beaded-Seaside-Vacation-Outfit-Fashion-Swimsuit-Set-p-484457127.html?mallCode=1&pageListType=4&detailBusinessFrom=0-1_484457127%7C0-2,https://sc.ltwebstatic.com/she_dist/images/bg-grey-solid-color-fc04c1310d.png,2026-05-31T14:21:59+08:00,,,,,NEW
