product_id,appear_count,appear_pages,title,product_url
72882535,4,"3,4,5,8","Plivvot Women Casual Versatile Solid Color T-Shirt, Short Sleeve Top For Summer",https://sg.shein.com/Plivvot-Women-Casual-Versatile-Solid-Color-T-Shirt-Short-Sleeve-Top-For-Summer-p-72882535.html
209903633,3,"1,2",SuriyaCove Retro American Y2K Style Minimalist Women Sweatpants,https://sg.shein.com/SuriyaCove-Retro-American-Y2K-Style-Minimalist-Women-Sweatpants-p-209903633.html
445209541,3,"2,7,8","Women's Casual Short Sleeve Round Neck T-Shirt - Printed Pattern, Soft & Comfortable Fabric, Machine Washable, Summer Tops",https://sg.shein.com/Women-s-Casual-Short-Sleeve-Round-Neck-T-Shirt-Printed-Pattern-Soft-Comfortable-Fabric-Machine-Washable-Summer-Tops-p-445209541.html
57883154,3,"2,7,8","2025 Autumn/Winter Women Wide Leg High Waist Casual Loose Trousers, Versatile Suit Pants Black Summer",https://sg.shein.com/2025-Autumn-Winter-Women-Wide-Leg-High-Waist-Casual-Loose-Trousers-Versatile-Suit-Pants-Black-Summer-p-57883154.html
440608961,3,"2,7,9","1pc Women's Summer Loose Crew Neck Short Sleeve T-Shirt, Matcha Coffee Latte Themed Print, Suitable For Vacation, Office, Outing, Daily, Date, Party, Gathering, Street, Carnival, Music Festival, Valentine's Day, Party Occasions Casual",https://sg.shein.com/1pc-Women-s-Summer-Loose-Crew-Neck-Short-Sleeve-T-Shirt-Matcha-Coffee-Latte-Themed-Print-Suitable-For-Vacation-Office-Outing-Daily-Date-Party-Gathering-Street-Carnival-Music-Festival-Valentine-s-Day-Party-Occasions-Casual-p-440608961.html
37551275,3,"2,7,8",DAZY Striped Wide Leg Pants For Dailywear,https://sg.shein.com/DAZY-Striped-Wide-Leg-Pants-For-Dailywear-p-37551275.html
26680307,3,"2,4,5",Olithes 3pcs/set Ladies' Solid Color Strapless Top,https://sg.shein.com/Olithes-3pcs-set-Ladies-Solid-Color-Strapless-Top-p-26680307.html
10887023,3,"3,5,9","SHEIN LUNE Shirred Waist Wide Leg Pants,Teacher Outfits For Women",https://sg.shein.com/SHEIN-LUNE-Shirred-Waist-Wide-Leg-Pants-Teacher-Outfits-For-Women-p-10887023.html
38235874,3,"3,5,10","EMERY ROSE 's Women's Summer Casual Crew Neck Short Sleeve T-Shirt Tops,Solid Color Black And White Basics Everyday For Work Office, Party",https://sg.shein.com/EMERY-ROSE-s-Women-s-Summer-Casual-Crew-Neck-Short-Sleeve-T-Shirt-Tops-Solid-Color-Black-And-White-Basics-Everyday-For-Work-Office-Party-p-38235874.html
417618841,3,"3,4,6","Women's Casual Bohemian Style White Elastic Waist Pocket Linen Wide Leg Pants, Summer Spring",https://sg.shein.com/Women-s-Casual-Bohemian-Style-White-Elastic-Waist-Pocket-Linen-Wide-Leg-Pants-Summer-Spring-p-417618841.html
469428072,3,"4,5,6","Divinelle White And Brown Striped Bowknot Print Sweatshirt For Women,Autumn Casual School Back-To-School Round Neck Long Sleeve Loose Lightweight Pullover",https://sg.shein.com/Divinelle-White-And-Brown-Striped-Bowknot-Print-Sweatshirt-For-Women-Autumn-Casual-School-Back-To-School-Round-Neck-Long-Sleeve-Loose-Lightweight-Pullover-p-469428072.html
149061645,3,"8,9,10","SHEIN Essnce 3pcs Set Women's Blue And White Stripe Nautical Style Casual Summer Vacation Waist Tie Pants With Pockets,Straight Leg Black & White Striped Clothes",https://sg.shein.com/SHEIN-Essnce-3pcs-Set-Women-s-Blue-And-White-Stripe-Nautical-Style-Casual-Summer-Vacation-Waist-Tie-Pants-With-Pockets-Straight-Leg-Black-White-Striped-Clothes-p-149061645.html
439435136,2,"1,2","Lalippa Letter & Numeral Print V-Neck T-Shirt, Fashionable & Minimalist, Gift For Friends",https://sg.shein.com/Lalippa-Letter-Numeral-Print-V-Neck-T-Shirt-Fashionable-Minimalist-Gift-For-Friends-p-439435136.html
47307085,2,"1,2","1pc Women's Retro Solid Color PU Leather Shoulder Bag With Multiple Pockets, Large Capacity, Comes With A Detachable Accessory Charm (Accessory Charm May Vary Slightly), Vintage Bag For Women",https://sg.shein.com/1pc-Women-s-Retro-Solid-Color-PU-Leather-Shoulder-Bag-With-Multiple-Pockets-Large-Capacity-Comes-With-A-Detachable-Accessory-Charm-Accessory-Charm-May-Vary-Slightly-Vintage-Bag-For-Women-p-47307085.html
75117141,2,"1,2",High-End Flowing Straight Leg Casual Maxi Pants For Women Spring,https://sg.shein.com/High-End-Flowing-Straight-Leg-Casual-Maxi-Pants-For-Women-Spring-p-75117141.html
12262603,2,"2,3",Firerie Solid High Waist Wide Leg Pants Bootcut Wide Leg Pants Dress Pants,https://sg.shein.com/Firerie-Solid-High-Waist-Wide-Leg-Pants-Bootcut-Wide-Leg-Pants-Dress-Pants-p-12262603.html
157210594,2,"2,5","Sweetra Women's Casual Pleated Scoop Neck Tank Top, Summer",https://sg.shein.com/Sweetra-Women-s-Casual-Pleated-Scoop-Neck-Tank-Top-Summer-p-157210594.html
464649969,2,"2,7","Ontre Women's Brown Summer Casual City Break Single-Breasted Belted A-Line Skirt,100% Cotton Woven Fabric,Minimalist Elegant Urban Chic Design Pleats,Office",https://sg.shein.com/Ontre-Women-s-Brown-Summer-Casual-City-Break-Single-Breasted-Belted-A-Line-Skirt-100-Cotton-Woven-Fabric-Minimalist-Elegant-Urban-Chic-Design-Pleats-Office-p-464649969.html
454464776,2,"2,3","Street Style Skateboard & Letter Print Loose Fit Round Neck Short Sleeve T-Shirt, Casual Graffiti Pattern Summer Streetwear Pink",https://sg.shein.com/Street-Style-Skateboard-Letter-Print-Loose-Fit-Round-Neck-Short-Sleeve-T-Shirt-Casual-Graffiti-Pattern-Summer-Streetwear-Pink-p-454464776.html
426222457,2,"2,3","1pc Women's Summer Round Neck Short Sleeve T-Shirt, Blue With English Letter Print, Casual Loose Fit, Comfortable For Summer Wear, Suitable For Beach, Street, Daily Activities, Work, Office, Parties And Other Occasions",https://sg.shein.com/1pc-Women-s-Summer-Round-Neck-Short-Sleeve-T-Shirt-Blue-With-English-Letter-Print-Casual-Loose-Fit-Comfortable-For-Summer-Wear-Suitable-For-Beach-Street-Daily-Activities-Work-Office-Parties-And-Other-Occasions-p-426222457.html
29328841,2,"2,6",Women's Summer Casual Versatile Tank Top White,https://sg.shein.com/Women-s-Summer-Casual-Versatile-Tank-Top-White-p-29328841.html
405983524,2,"2,8","Resyla Women's Cinched Waist T-Shirt, Classic Striped Print Pattern Design, Elegant, Suitable For Daily Wear, Casual, Shopping, Office",https://sg.shein.com/Resyla-Women-s-Cinched-Waist-T-Shirt-Classic-Striped-Print-Pattern-Design-Elegant-Suitable-For-Daily-Wear-Casual-Shopping-Office-p-405983524.html
420937384,2,"2,3",Sunnyshic Women's Textured Striped Off Shoulder Asymmetric Design Slimming Waist Sexy Asymmetrical Shoulder Sweet Vacation Style T-Shirt,https://sg.shein.com/Sunnyshic-Women-s-Textured-Striped-Off-Shoulder-Asymmetric-Design-Slimming-Waist-Sexy-Asymmetrical-Shoulder-Sweet-Vacation-Style-T-Shirt-p-420937384.html
441162412,2,"2,10","Women's Summer Camisole, Women's Plaid Camisole Top For Vacation, Graduation, Wedding, Back To School, Retro Vibe, Party, Lunch, Cute Casual Summer, Sweet Romantic Country Style, Textured, Loose Comfortable, Loose Hem Camisole",https://sg.shein.com/Women-s-Summer-Camisole-Women-s-Plaid-Camisole-Top-For-Vacation-Graduation-Wedding-Back-To-School-Retro-Vibe-Party-Lunch-Cute-Casual-Summer-Sweet-Romantic-Country-Style-Textured-Loose-Comfortable-Loose-Hem-Camisole-p-441162412.html
436236893,2,"2,5","Comfortcana 3pcs 100% Cotton Women's Casual Short-Length Shorts Pack,White And Black,Summer,Home Comfortable Woven Fabric Everyday Shorts For Sports,Gym & Street",https://sg.shein.com/Comfortcana-3pcs-100-Cotton-Women-s-Casual-Short-Length-Shorts-Pack-White-And-Black-Summer-Home-Comfortable-Woven-Fabric-Everyday-Shorts-For-Sports-Gym-Street-p-436236893.html
456325049,2,"2,5","SHEIN Franclia French Elegant V-Neck Black & White Contrast Ruffle Trim Short Sleeve Chiffon Blouse, Slim Fit Commuting Wear, Summer New",https://sg.shein.com/SHEIN-Franclia-French-Elegant-V-Neck-Black-White-Contrast-Ruffle-Trim-Short-Sleeve-Chiffon-Blouse-Slim-Fit-Commuting-Wear-Summer-New-p-456325049.html
182894868,2,"2,5","StreetHx Women's Summer V-Neck Tight T-Shirt, Punk Subculture Anime Solid Color Basic V-Neck Short Sleeve Fitted T-Shirt",https://sg.shein.com/StreetHx-Women-s-Summer-V-Neck-Tight-T-Shirt-Punk-Subculture-Anime-Solid-Color-Basic-V-Neck-Short-Sleeve-Fitted-T-Shirt-p-182894868.html
152376312,2,"2,3",Retro American Casual Pear-Shaped Wide Leg Pants Spring Black,https://sg.shein.com/Retro-American-Casual-Pear-Shaped-Wide-Leg-Pants-Spring-Black-p-152376312.html
451252389,2,"2,5","2026 Retro Bride Club Bride Print Short Sleeve T-Shirt, Sweet & Spicy Vintage Style Top For Women Wedding Party Casual Black",https://sg.shein.com/2026-Retro-Bride-Club-Bride-Print-Short-Sleeve-T-Shirt-Sweet-Spicy-Vintage-Style-Top-For-Women-Wedding-Party-Casual-Black-p-451252389.html
327810039,2,"2,5","Women's Summer New Simple Letter ""NEWYORK"" City Skyscraper Graphic Print Casual Vacation Loose Versatile Round Neck Beige Short Sleeve T-Shirt, Everyday Top, Suitable For Daily Vacation Wear",https://sg.shein.com/Women-s-Summer-New-Simple-Letter-NEWYORK-City-Skyscraper-Graphic-Print-Casual-Vacation-Loose-Versatile-Round-Neck-Beige-Short-Sleeve-T-Shirt-Everyday-Top-Suitable-For-Daily-Vacation-Wear-p-327810039.html
33691961,2,"2,8","XLLAIS Women's Solid Color Square Neck Sleeveless Tank Top, Slim Fit Casual Wear, Black, Spring/Summer",https://sg.shein.com/XLLAIS-Women-s-Solid-Color-Square-Neck-Sleeveless-Tank-Top-Slim-Fit-Casual-Wear-Black-Spring-Summer-p-33691961.html
452170241,2,"2,3","1pc Knit Fabric Sleeveless T-Shirt, Casual Street Style For Summer, Fashion Black",https://sg.shein.com/1pc-Knit-Fabric-Sleeveless-T-Shirt-Casual-Street-Style-For-Summer-Fashion-Black-p-452170241.html
75793293,2,"2,7","SHEIN Women's Short Sleeve Solid Color T-Shirt, Fashionable For Summer",https://sg.shein.com/SHEIN-Women-s-Short-Sleeve-Solid-Color-T-Shirt-Fashionable-For-Summer-p-75793293.html
356665321,2,"2,3","New Summer Women Simple Letter & Maple Leaf Sunset Print Round Neck Grey Short Sleeve T-Shirt, Fashionable And Versatile, Suitable For Women's Casual Daily Wear",https://sg.shein.com/New-Summer-Women-Simple-Letter-Maple-Leaf-Sunset-Print-Round-Neck-Grey-Short-Sleeve-T-Shirt-Fashionable-And-Versatile-Suitable-For-Women-s-Casual-Daily-Wear-p-356665321.html
8241157,2,"2,5",SHEIN EZwear 3pcs Solid Tank Top Summer Clothes,https://sg.shein.com/SHEIN-EZwear-3pcs-Solid-Tank-Top-Summer-Clothes-p-8241157.html
426222190,2,"2,3","Summer New Fashion English Slogan Print Casual Round Neck Tie-Dye Short Sleeve T-Shirt, Versatile Plum Blossom & Pine Tree Pattern Design Suitable For Women Black",https://sg.shein.com/Summer-New-Fashion-English-Slogan-Print-Casual-Round-Neck-Tie-Dye-Short-Sleeve-T-Shirt-Versatile-Plum-Blossom-Pine-Tree-Pattern-Design-Suitable-For-Women-Black-p-426222190.html
409724146,2,"2,5","3pcs/Set Women's Square Neck Short Sleeve Solid Color Casual Slim Fit Summer T-Shirts, Y2K Style Cropped Tees, Suitable For Summer, Beach, Street, Daily, Work, Office Party, Vacation Wear. Stylish Y2K Inspired Women Tops White",https://sg.shein.com/3pcs-Set-Women-s-Square-Neck-Short-Sleeve-Solid-Color-Casual-Slim-Fit-Summer-T-Shirts-Y2K-Style-Cropped-Tees-Suitable-For-Summer-Beach-Street-Daily-Work-Office-Party-Vacation-Wear-Stylish-Y2K-Inspired-Women-Tops-White-p-409724146.html
97761235,2,"2,3","Women's Solid Color Button Half Placket Short Sleeve Casual T-Shirt, Summer Black",https://sg.shein.com/Women-s-Solid-Color-Button-Half-Placket-Short-Sleeve-Casual-T-Shirt-Summer-Black-p-97761235.html
341854088,2,"2,3","Women's New Casual Cute Pattern Loose Versatile Round Neck Short Sleeve T-Shirt, Fashionable Everyday Top, Suitable For Daily And Holiday Wear Summer",https://sg.shein.com/Women-s-New-Casual-Cute-Pattern-Loose-Versatile-Round-Neck-Short-Sleeve-T-Shirt-Fashionable-Everyday-Top-Suitable-For-Daily-And-Holiday-Wear-Summer-p-341854088.html
124811795,2,"2,5","SHEIN VCAY 3pcs/Set Women Summer Woven Fashionable Multi-Color Linen Shorts,Summer For Women,Summer Clothes,Festival For Women",https://sg.shein.com/SHEIN-VCAY-3pcs-Set-Women-Summer-Woven-Fashionable-Multi-Color-Linen-Shorts-Summer-For-Women-Summer-Clothes-Festival-For-Women-p-124811795.html
172812008,2,"2,8","INAWLY 2pcs/Set Fitted Short Leopard Print & Solid Color V-Neck Camisole For Women, Summer",https://sg.shein.com/INAWLY-2pcs-Set-Fitted-Short-Leopard-Print-Solid-Color-V-Neck-Camisole-For-Women-Summer-p-172812008.html
140326320,2,"2,3",Casual Solid Color High Waist Elastic Straight Pants Black Spring,https://sg.shein.com/Casual-Solid-Color-High-Waist-Elastic-Straight-Pants-Black-Spring-p-140326320.html
9653617,2,"2,3",Dazy-Less Solid Crew Neck Crop Tee Summer Preppy Tops Business Casual Woman Work Clothes,https://sg.shein.com/Dazy-Less-Solid-Crew-Neck-Crop-Tee-Summer-Preppy-Tops-Business-Casual-Woman-Work-Clothes-p-9653617.html
55376300,2,"2,3","Livesso Women's Solid Color Fitted Tank Top, Minimalist Casual Daily Wear Going Out Tops",https://sg.shein.com/Livesso-Women-s-Solid-Color-Fitted-Tank-Top-Minimalist-Casual-Daily-Wear-Going-Out-Tops-p-55376300.html
429978950,2,"2,3","Franclia White And Black Polka Dot,Summer,Elegant,Tea Party Vintage Pearl Decor Women Tank Top Blouses Work Outfits Casual Cute Latest New Arrivals",https://sg.shein.com/Franclia-White-And-Black-Polka-Dot-Summer-Elegant-Tea-Party-Vintage-Pearl-Decor-Women-Tank-Top-Blouses-Work-Outfits-Casual-Cute-Latest-New-Arrivals-p-429978950.html
41961117,2,"2,3",SHEIN EZwear 3pcs/Set Multicolor Knit Camisole Tops For Women,https://sg.shein.com/SHEIN-EZwear-3pcs-Set-Multicolor-Knit-Camisole-Tops-For-Women-p-41961117.html
410711406,2,"2,3",Franclia 2-3 Pcs Set Summer Fitted Short Leopard Print & Solid Color V-Neck Camisole For Women,https://sg.shein.com/Franclia-2-3-Pcs-Set-Summer-Fitted-Short-Leopard-Print-Solid-Color-V-Neck-Camisole-For-Women-p-410711406.html
155685507,2,"2,5","SHEIN LUNE Women's Casual Solid Color V-Neck Flare Sleeve Twist Front Blouse, Spring/Autumn Brown Top Dark Chocolate Coffee Tie",https://sg.shein.com/SHEIN-LUNE-Women-s-Casual-Solid-Color-V-Neck-Flare-Sleeve-Twist-Front-Blouse-Spring-Autumn-Brown-Top-Dark-Chocolate-Coffee-Tie-p-155685507.html
423182224,2,"3,7",SHEIN EZwear Summer Outfits 3pcs Solid Tank Top Women's Vest Tops Basic For Women Cotton Yoga Tanktops Knitted Ribbed Plain Latest New Arrivals Basics Clothes,https://sg.shein.com/SHEIN-EZwear-Summer-Outfits-3pcs-Solid-Tank-Top-Women-s-Vest-Tops-Basic-For-Women-Cotton-Yoga-Tanktops-Knitted-Ribbed-Plain-Latest-New-Arrivals-Basics-Clothes-p-423182224.html
32378153,2,"3,7",DAZY Women Fashion Solid Color Slim Short Sleeve T-Shirt,https://sg.shein.com/DAZY-Women-Fashion-Solid-Color-Slim-Short-Sleeve-T-Shirt-p-32378153.html
258225369,2,"3,10","Chiquease Women's Beige Summer Casual Everyday Ribbed Knit Tank Top,Solid Color Versatile Neutral Sleeveless Basic Tops",https://sg.shein.com/Chiquease-Women-s-Beige-Summer-Casual-Everyday-Ribbed-Knit-Tank-Top-Solid-Color-Versatile-Neutral-Sleeveless-Basic-Tops-p-258225369.html
149300545,2,"3,4","INAWLY Women's Casual Versatile Pleated Waist Fitted Cowgirl Embroidered Short Sleeve T-Shirt, Suitable For Summer",https://sg.shein.com/INAWLY-Women-s-Casual-Versatile-Pleated-Waist-Fitted-Cowgirl-Embroidered-Short-Sleeve-T-Shirt-Suitable-For-Summer-p-149300545.html
254423841,2,"3,6",Sweetra Petite Petite Series Women's Commuter Minimalist Knit Elastic Textured Fabric Metal Decor Waist Slimming Trousers,https://sg.shein.com/Sweetra-Petite-Petite-Series-Women-s-Commuter-Minimalist-Knit-Elastic-Textured-Fabric-Metal-Decor-Waist-Slimming-Trousers-p-254423841.html
28014309,2,"3,5","Dazy Star Solid Color Ribbed Knit Short Sleeve T-Shirt,Crop Tops Women",https://sg.shein.com/Dazy-Star-Solid-Color-Ribbed-Knit-Short-Sleeve-T-Shirt-Crop-Tops-Women-p-28014309.html
43400974,2,"3,7",DAZY 1pc Women Solid Color Crewneck Ribbed Slim Fit Casual Tank Top,https://sg.shein.com/DAZY-1pc-Women-Solid-Color-Crewneck-Ribbed-Slim-Fit-Casual-Tank-Top-p-43400974.html
393397281,2,"3,5","Women's High Waist Slim Fit Elegant Minimalist Office Pants, Women Apparel, Women's Bottoms Black Spring",https://sg.shein.com/Women-s-High-Waist-Slim-Fit-Elegant-Minimalist-Office-Pants-Women-Apparel-Women-s-Bottoms-Black-Spring-p-393397281.html
365502654,2,"3,4","Women's High Waist Slim Fit Wide Leg Pants | Bohemian Street Style | Suitable For Casual, Work Commute And Vacation In Spring/Summer Black",https://sg.shein.com/Women-s-High-Waist-Slim-Fit-Wide-Leg-Pants-Bohemian-Street-Style-Suitable-For-Casual-Work-Commute-And-Vacation-In-Spring-Summer-Black-p-365502654.html
36391039,2,"3,4",SHEIN PETITE Ladies' Solid Color Simple Everyday Casual Trousers,https://sg.shein.com/SHEIN-PETITE-Ladies-Solid-Color-Simple-Everyday-Casual-Trousers-p-36391039.html
18813630,2,"3,4",SHEIN EZwear Spring Solid Pleated Detail Casual Wide Leg Pants,https://sg.shein.com/SHEIN-EZwear-Spring-Solid-Pleated-Detail-Casual-Wide-Leg-Pants-p-18813630.html
169350914,2,"3,4","DAZY Women's Regular Waistline Decorative Loose Banana Pants, Casual City Style Jeans",https://sg.shein.com/DAZY-Women-s-Regular-Waistline-Decorative-Loose-Banana-Pants-Casual-City-Style-Jeans-p-169350914.html
59288276,2,"4,10",SHEIN PETITE White Women's Shirt Waist Cinch Pleated Short Sleeve Shirt,https://sg.shein.com/SHEIN-PETITE-White-Women-s-Shirt-Waist-Cinch-Pleated-Short-Sleeve-Shirt-p-59288276.html
225674364,2,"4,5","Women's Minimalist Design Flared Leg Casual Trousers, Suitable For Commuting, Office, Daily Wear, All Seasons Spring Black",https://sg.shein.com/Women-s-Minimalist-Design-Flared-Leg-Casual-Trousers-Suitable-For-Commuting-Office-Daily-Wear-All-Seasons-Spring-Black-p-225674364.html
448882768,2,"4,10","Muchica Women's Beige Multicolor Striped Loose Fit Oversize Short Sleeve T-Shirt,Summer Casual City Break Style,Cute Retro Vintage Y2K Soft Clean Girl Top",https://sg.shein.com/Muchica-Women-s-Beige-Multicolor-Striped-Loose-Fit-Oversize-Short-Sleeve-T-Shirt-Summer-Casual-City-Break-Style-Cute-Retro-Vintage-Y2K-Soft-Clean-Girl-Top-p-448882768.html
409883515,2,"4,5","SHEIN MOD 2pcs/Set 3-Way Wear Women's Casual Solid Color Slim Fit Top, , Beach, Spring Break , Summer Vacation, Holiday , For Women, Party",https://sg.shein.com/SHEIN-MOD-2pcs-Set-3-Way-Wear-Women-s-Casual-Solid-Color-Slim-Fit-Top-Beach-Spring-Break-Summer-Vacation-Holiday-For-Women-Party-p-409883515.html
30895369,2,"4,8","DAZY Casual Business Solid Color Straight-Leg Pants,Women Dress Pants Fall",https://sg.shein.com/DAZY-Casual-Business-Solid-Color-Straight-Leg-Pants-Women-Dress-Pants-Fall-p-30895369.html
198300097,2,"4,8","SHEIN Tall Women's Black High Waisted Wide Leg Pants,Elegant Business Casual Work Slacks,Tall Versatile Solid Color Winter Autumn Style Old Money Dress Pants",https://sg.shein.com/SHEIN-Tall-Women-s-Black-High-Waisted-Wide-Leg-Pants-Elegant-Business-Casual-Work-Slacks-Tall-Versatile-Solid-Color-Winter-Autumn-Style-Old-Money-Dress-Pants-p-198300097.html
434406587,2,"4,8",Franclia Women's White Fabric Short Skort With Asymmetrical Polka Dot Design Perfect For Parties,https://sg.shein.com/Franclia-Women-s-White-Fabric-Short-Skort-With-Asymmetrical-Polka-Dot-Design-Perfect-For-Parties-p-434406587.html
90110877,2,"4,9","Sexy Women's Casual Elastic Skinny Slim Fit Capri Pants, Slimming Black Versatile Commuter Capri Pants, Y2K Style, Capri Pants, Spring & Summer",https://sg.shein.com/Sexy-Women-s-Casual-Elastic-Skinny-Slim-Fit-Capri-Pants-Slimming-Black-Versatile-Commuter-Capri-Pants-Y2K-Style-Capri-Pants-Spring-Summer-p-90110877.html
446819389,2,"4,8","Women's Loose Fit Round Neck Short Sleeve T-Shirt, American Vintage Western Style Letter Print, Casual Versatile Top For Summer White",https://sg.shein.com/Women-s-Loose-Fit-Round-Neck-Short-Sleeve-T-Shirt-American-Vintage-Western-Style-Letter-Print-Casual-Versatile-Top-For-Summer-White-p-446819389.html
432960835,2,"4,6","V-Neck Short Sleeve T-Shirt, Versatile Solid Color Slim Fit Undershirt For Women Casual Black Summer",https://sg.shein.com/V-Neck-Short-Sleeve-T-Shirt-Versatile-Solid-Color-Slim-Fit-Undershirt-For-Women-Casual-Black-Summer-p-432960835.html
73242087,2,"4,9","Elenzga Navy Blue Elegant High Waist Culottes For Women,Summer Casual Solid Wide Leg Pants For Office,Work,Graduation & Daily,Vintage Style Music Festival",https://sg.shein.com/Elenzga-Navy-Blue-Elegant-High-Waist-Culottes-For-Women-Summer-Casual-Solid-Wide-Leg-Pants-For-Office-Work-Graduation-Daily-Vintage-Style-Music-Festival-p-73242087.html
10294783,2,"4,5",DAZY High Waist Wide Leg Shorts,https://sg.shein.com/DAZY-High-Waist-Wide-Leg-Shorts-p-10294783.html
414955823,2,"4,6","3pcs Women's Summer New Fashion Multi-Element Printed Casual Round Neck Short Sleeve T-Shirt, Versatile Chinese Style Koi Fish, Crane And Sports Car Pattern Design, Suitable For Daily Casual And Holiday Wear",https://sg.shein.com/3pcs-Women-s-Summer-New-Fashion-Multi-Element-Printed-Casual-Round-Neck-Short-Sleeve-T-Shirt-Versatile-Chinese-Style-Koi-Fish-Crane-And-Sports-Car-Pattern-Design-Suitable-For-Daily-Casual-And-Holiday-Wear-p-414955823.html
443907236,2,"4,6",Soft Green Bubble Gum Bunny Graphic T-Shirt | Y2K/Soft Girl Aesthetic | Cute Bunny Print Crew Neck Casual Everyday Wear Summer,https://sg.shein.com/Soft-Green-Bubble-Gum-Bunny-Graphic-T-Shirt-Y2K-Soft-Girl-Aesthetic-Cute-Bunny-Print-Crew-Neck-Casual-Everyday-Wear-Summer-p-443907236.html
39294505,2,"4,5","Livesso Women's Solid Color Round Neck Loose Long Sleeve T-Shirt,Fall Clothes",https://sg.shein.com/Livesso-Women-s-Solid-Color-Round-Neck-Loose-Long-Sleeve-T-Shirt-Fall-Clothes-p-39294505.html
413037448,2,"4,5","Women's Off-Shoulder Short Sleeve Top, Regular Length, Polyester High Stretch Fabric, White Summer Blouse Suitable For Office & Casual Wear",https://sg.shein.com/Women-s-Off-Shoulder-Short-Sleeve-Top-Regular-Length-Polyester-High-Stretch-Fabric-White-Summer-Blouse-Suitable-For-Office-Casual-Wear-p-413037448.html
343818105,2,"4,5","Muchica Women's White Polka Dot Casual Vacation Skirt For Going Out, Streetwear, Y2K, Spring/Summer, White Boho Skirt, Summer Maxi Skirt",https://sg.shein.com/Muchica-Women-s-White-Polka-Dot-Casual-Vacation-Skirt-For-Going-Out-Streetwear-Y2K-Spring-Summer-White-Boho-Skirt-Summer-Maxi-Skirt-p-343818105.html
208316698,2,"4,5","XLLAIS Fashion Collared White Casual Vacation Fitted Tank Top, Suitable For All Seasons Summer",https://sg.shein.com/XLLAIS-Fashion-Collared-White-Casual-Vacation-Fitted-Tank-Top-Suitable-For-All-Seasons-Summer-p-208316698.html
52628967,2,"4,5","INAWLY Autumn/Winter Loose Fit Long Sleeve Faux Leather Jacket, Motorcycle Style For Women Fall Cloth For Women",https://sg.shein.com/INAWLY-Autumn-Winter-Loose-Fit-Long-Sleeve-Faux-Leather-Jacket-Motorcycle-Style-For-Women-Fall-Cloth-For-Women-p-52628967.html
427537564,2,"4,5","1pc Women's Short Sleeve Cropped T-Shirt - Watercolor Coconut, Hibiscus And Shell Print With ""Summer"" Text, Beachy Style, Soft Breathable Crew Neck Crop Top, Ideal For Summer Casual Outings, Tropical Pattern Tee For Ladies And Teens Vacation",https://sg.shein.com/1pc-Women-s-Short-Sleeve-Cropped-T-Shirt-Watercolor-Coconut-Hibiscus-And-Shell-Print-With-Summer-Text-Beachy-Style-Soft-Breathable-Crew-Neck-Crop-Top-Ideal-For-Summer-Casual-Outings-Tropical-Pattern-Tee-For-Ladies-And-Teens-Vacation-p-427537564.html
457740284,2,"5,9","Women's Summer New Letter Print Casual Vacation Loose Versatile Round Neck Beige Short Sleeve T-Shirt, Fashionable Everyday Top, Suitable For Daily Wear",https://sg.shein.com/Women-s-Summer-New-Letter-Print-Casual-Vacation-Loose-Versatile-Round-Neck-Beige-Short-Sleeve-T-Shirt-Fashionable-Everyday-Top-Suitable-For-Daily-Wear-p-457740284.html
432425159,2,"5,9","Women's New Casual Cute Pattern Loose Fit Round Neck Short Sleeve T-Shirt, Fashionable Daily & Holiday Wear. Suitable For Holidays, Back To School, Teacher's Day, Etc. Letter Print Soft, Loose & Comfortable High-End Casual Street Style Relaxed Fit Short Sleeve Top Pink Summer",https://sg.shein.com/Women-s-New-Casual-Cute-Pattern-Loose-Fit-Round-Neck-Short-Sleeve-T-Shirt-Fashionable-Daily-Holiday-Wear-Suitable-For-Holidays-Back-To-School-Teacher-s-Day-Etc-Letter-Print-Soft-Loose-Comfortable-High-End-Casual-Street-Style-Relaxed-Fit-Short-Sleeve-Top-Pink-Summer-p-432425159.html
67896270,2,"5,10",Swim Mod Women's Summer Floral Swimsuit Spaghetti Strap Sexy Bikini Holiday Tight Casual Cute Playful Two Pieces Swimsuit,https://sg.shein.com/Swim-Mod-Women-s-Summer-Floral-Swimsuit-Spaghetti-Strap-Sexy-Bikini-Holiday-Tight-Casual-Cute-Playful-Two-Pieces-Swimsuit-p-67896270.html
398046227,2,"5,10","Women's Summer New Letter Print Round Neck Short Sleeve T-Shirt, Casual Loose Versatile Top For Daily Wear",https://sg.shein.com/Women-s-Summer-New-Letter-Print-Round-Neck-Short-Sleeve-T-Shirt-Casual-Loose-Versatile-Top-For-Daily-Wear-p-398046227.html
73971086,2,"5,10","Fashionable & Elegant Loose Knitted Shawl Cardigan, Lightweight & Breathable, Oversized Design, Suitable For Women, Spring/Summer Casual Wear, Leisure Travel, Beach, Versatile",https://sg.shein.com/Fashionable-Elegant-Loose-Knitted-Shawl-Cardigan-Lightweight-Breathable-Oversized-Design-Suitable-For-Women-Spring-Summer-Casual-Wear-Leisure-Travel-Beach-Versatile-p-73971086.html
111573527,2,"5,10",Coolane Women's Fall Streetwear Fashion Casual Vintage Corduroy Textured Long Baggy Pants,https://sg.shein.com/Coolane-Women-s-Fall-Streetwear-Fashion-Casual-Vintage-Corduroy-Textured-Long-Baggy-Pants-p-111573527.html
78004158,2,"5,9","2pcs Women Casual Shorts, Suitable For Spring & Summer",https://sg.shein.com/2pcs-Women-Casual-Shorts-Suitable-For-Spring-Summer-p-78004158.html
350256396,2,"5,6","New Summer Women Simple Letter & Maple Leaf Sunset Print Round Neck Dark Grey Short Sleeve T-Shirt, Fashionable & Versatile, Suitable For Women's Casual Daily And Spring Vacation Tops",https://sg.shein.com/New-Summer-Women-Simple-Letter-Maple-Leaf-Sunset-Print-Round-Neck-Dark-Grey-Short-Sleeve-T-Shirt-Fashionable-Versatile-Suitable-For-Women-s-Casual-Daily-And-Spring-Vacation-Tops-p-350256396.html
450367868,2,"5,9","SHEIN EZwear Casual Minimalist Sports Style Jersey Graphic Print, Women's Sleeveless Racerback Camisole Suitable For Summer, Sports Season, Ball Games,Summer Top",https://sg.shein.com/SHEIN-EZwear-Casual-Minimalist-Sports-Style-Jersey-Graphic-Print-Women-s-Sleeveless-Racerback-Camisole-Suitable-For-Summer-Sports-Season-Ball-Games-Summer-Top-p-450367868.html
28012063,2,"5,9",SHEIN Unity Women'S Drawstring Wrinkle Design Cargo Pants Fall Cloth For Women,https://sg.shein.com/SHEIN-Unity-Women-S-Drawstring-Wrinkle-Design-Cargo-Pants-Fall-Cloth-For-Women-p-28012063.html
230149140,2,"5,6",Sweetra Women's Summer Solid Color Ruffle Hem Tie Waist Short Sleeve Blouse,https://sg.shein.com/Sweetra-Women-s-Summer-Solid-Color-Ruffle-Hem-Tie-Waist-Short-Sleeve-Blouse-p-230149140.html
233799002,2,"5,6","Aoqta Women's Sports Casual High-Waisted Wide-Leg Pants, Solid Color Tummy Control Butt Lifting Basic Sports Long Pants, Suitable For Yoga, Running, Training, Daily Wear",https://sg.shein.com/Aoqta-Women-s-Sports-Casual-High-Waisted-Wide-Leg-Pants-Solid-Color-Tummy-Control-Butt-Lifting-Basic-Sports-Long-Pants-Suitable-For-Yoga-Running-Training-Daily-Wear-p-233799002.html
32576666,2,"5,8","Poéselle Summer High-Waisted Pants Multi-Piece Set, Black + Khaki Wide Leg Pants High Waist Fold Pleated Wide Leg Pants, Black Pants, Loose Fit, Long Pants",https://sg.shein.com/Po-selle-Summer-High-Waisted-Pants-Multi-Piece-Set-Black-Khaki-Wide-Leg-Pants-High-Waist-Fold-Pleated-Wide-Leg-Pants-Black-Pants-Loose-Fit-Long-Pants-p-32576666.html
116784649,2,"5,6","GAOVOT Women's Sexy Backless Crop Top, Y2K Style Casual Camisole Summer",https://sg.shein.com/GAOVOT-Women-s-Sexy-Backless-Crop-Top-Y2K-Style-Casual-Camisole-Summer-p-116784649.html
75908221,2,"5,6","SHEIN EZwear 3pcs Women Casual Tight-Fitted Long Sleeve Round Neck T-Shirt Set, Suitable For Summer",https://sg.shein.com/SHEIN-EZwear-3pcs-Women-Casual-Tight-Fitted-Long-Sleeve-Round-Neck-T-Shirt-Set-Suitable-For-Summer-p-75908221.html
441345962,2,"5,6","Anyi Cute Women's Polka Dot Print Pleated Mini Skirt, Comfortable Fabric, Versatile For Commuting, Photography, Outing White",https://sg.shein.com/Anyi-Cute-Women-s-Polka-Dot-Print-Pleated-Mini-Skirt-Comfortable-Fabric-Versatile-For-Commuting-Photography-Outing-White-p-441345962.html
420508824,2,"6,9",Coolane Women's Summer Streetwear Casual Basic Daily Wear Graphics Striped Comfortable Baggy Low Rise Straight Pants Wide Leg Woman High Waist,https://sg.shein.com/Coolane-Women-s-Summer-Streetwear-Casual-Basic-Daily-Wear-Graphics-Striped-Comfortable-Baggy-Low-Rise-Straight-Pants-Wide-Leg-Woman-High-Waist-p-420508824.html
468450372,2,"6,9","Tseoso Women's 3-Pack Ribbed Camisole Tops With Built-In Padded Bra,White With Black Polka Dots,Royal Blue,Heather Gray,Summer Casual Everyday Tank Tops,Y2K",https://sg.shein.com/Tseoso-Women-s-3-Pack-Ribbed-Camisole-Tops-With-Built-In-Padded-Bra-White-With-Black-Polka-Dots-Royal-Blue-Heather-Gray-Summer-Casual-Everyday-Tank-Tops-Y2K-p-468450372.html
389793335,2,"6,9","Women's Summer New Letter Print Round Neck Short Sleeve T-Shirt, Casual Loose Versatile Top For Daily Wear",https://sg.shein.com/Women-s-Summer-New-Letter-Print-Round-Neck-Short-Sleeve-T-Shirt-Casual-Loose-Versatile-Top-For-Daily-Wear-p-389793335.html
456536763,2,"6,10","SHEIN EZwear Women's Striped Round Neck Short Sleeve Contrast Color Oversized T-Shirt,Beige Summer Casual School Top,Fashionable Elegant Y2K Style For Commute",https://sg.shein.com/SHEIN-EZwear-Women-s-Striped-Round-Neck-Short-Sleeve-Contrast-Color-Oversized-T-Shirt-Beige-Summer-Casual-School-Top-Fashionable-Elegant-Y2K-Style-For-Commute-p-456536763.html
352082325,2,"6,9","Elamini Women's Vintage Textured Relaxed Fit Low Waist Casual Pants, Slimming Solid Color Straight Leg Trousers, Versatile For Spring",https://sg.shein.com/Elamini-Women-s-Vintage-Textured-Relaxed-Fit-Low-Waist-Casual-Pants-Slimming-Solid-Color-Straight-Leg-Trousers-Versatile-For-Spring-p-352082325.html
378242119,2,"6,9","DAZY Women's Casual Daily Commute Simple Solid Color Stand Collar Short Sleeve Fitted Black T-Shirt, Summer",https://sg.shein.com/DAZY-Women-s-Casual-Daily-Commute-Simple-Solid-Color-Stand-Collar-Short-Sleeve-Fitted-Black-T-Shirt-Summer-p-378242119.html
85227956,2,"6,9",Sweet Girl Puff Sleeve Lace Trim Tie Waist Slim Fit White Blouse Summer,https://sg.shein.com/Sweet-Girl-Puff-Sleeve-Lace-Trim-Tie-Waist-Slim-Fit-White-Blouse-Summer-p-85227956.html
223438315,2,"6,9","Radiana Women's Minimalist High Waisted Wide Leg Pants,Black Business Casual Office Autumn Commuter Trousers,Oversized Pleated Brown Suit Pants Fall Clothes",https://sg.shein.com/Radiana-Women-s-Minimalist-High-Waisted-Wide-Leg-Pants-Black-Business-Casual-Office-Autumn-Commuter-Trousers-Oversized-Pleated-Brown-Suit-Pants-Fall-Clothes-p-223438315.html
449920846,2,"6,7","Es Trus Women's Summer Funny Graphic Tee, Streetwear Cartoon Portrait Letter Print, Comfortable Retro Basic Casual Commute Multipurpose Y2K Style Top, Regular Niche Punk Slim Fit Black Round Neck Short Sleeve Washed T-Shirt",https://sg.shein.com/Es-Trus-Women-s-Summer-Funny-Graphic-Tee-Streetwear-Cartoon-Portrait-Letter-Print-Comfortable-Retro-Basic-Casual-Commute-Multipurpose-Y2K-Style-Top-Regular-Niche-Punk-Slim-Fit-Black-Round-Neck-Short-Sleeve-Washed-T-Shirt-p-449920846.html
424603154,2,"6,7","Modern Filipiniana Blouse With Butterfly Sleeves, Women's Short Sleeve Cardigan Top For Daily Wear In Spring And Summer",https://sg.shein.com/Modern-Filipiniana-Blouse-With-Butterfly-Sleeves-Women-s-Short-Sleeve-Cardigan-Top-For-Daily-Wear-In-Spring-And-Summer-p-424603154.html
467235250,2,"6,7",Livesso Women's Asymmetric Hem Frill Trim Tube Top,https://sg.shein.com/Livesso-Women-s-Asymmetric-Hem-Frill-Trim-Tube-Top-p-467235250.html
468803068,2,"6,7","LYSMO Women's Striped Short Sleeve Single-Breasted Side Tie Waist Casual Shirt,Summer Top",https://sg.shein.com/LYSMO-Women-s-Striped-Short-Sleeve-Single-Breasted-Side-Tie-Waist-Casual-Shirt-Summer-Top-p-468803068.html
39283446,2,"7,8","Qadelle Women's Plain Strap Simple Camisole, Casual Daily Wear",https://sg.shein.com/Qadelle-Women-s-Plain-Strap-Simple-Camisole-Casual-Daily-Wear-p-39283446.html
42827379,2,"7,8","Draping Minimalist Design Office Pants, New European And American Fashion Straight-Leg Casual Loose Trousers, All Seasons Spring",https://sg.shein.com/Draping-Minimalist-Design-Office-Pants-New-European-And-American-Fashion-Straight-Leg-Casual-Loose-Trousers-All-Seasons-Spring-p-42827379.html
395330263,2,"7,8","Siren Gaze 2026 Women's Lace-Trimmed Camisole,Elegant Beige Summmer Vacation Milkmaid Top,Square Neck Crocheted Lace Trim Peplum Cami Spaghetti Strap",https://sg.shein.com/Siren-Gaze-2026-Women-s-Lace-Trimmed-Camisole-Elegant-Beige-Summmer-Vacation-Milkmaid-Top-Square-Neck-Crocheted-Lace-Trim-Peplum-Cami-Spaghetti-Strap-p-395330263.html
94866877,2,"7,8","Sweetra Women's Solid Color Casual Sleeveless Tank Top, Summer",https://sg.shein.com/Sweetra-Women-s-Solid-Color-Casual-Sleeveless-Tank-Top-Summer-p-94866877.html
440349112,2,"7,8","Women's Loose Fit White Short Sleeve T-Shirt, Summer New Design Sense Minimalist Casual Top Black",https://sg.shein.com/Women-s-Loose-Fit-White-Short-Sleeve-T-Shirt-Summer-New-Design-Sense-Minimalist-Casual-Top-Black-p-440349112.html
57267606,2,"7,8","SHEIN EZwear 4pcs Women Tight-Fitting Cropped Casual Camisole Tank Tops, Suitable For Summer Back To School",https://sg.shein.com/SHEIN-EZwear-4pcs-Women-Tight-Fitting-Cropped-Casual-Camisole-Tank-Tops-Suitable-For-Summer-Back-To-School-p-57267606.html
51551965,2,"7,8",Sweetra Women's Solid Color Wide Strap Casual Slim Fit Tank Top,https://sg.shein.com/Sweetra-Women-s-Solid-Color-Wide-Strap-Casual-Slim-Fit-Tank-Top-p-51551965.html
105936677,2,"7,8","Sweetra Women's Casual Solid Color Camisole Top, Versatile For Summer",https://sg.shein.com/Sweetra-Women-s-Casual-Solid-Color-Camisole-Top-Versatile-For-Summer-p-105936677.html
208643065,2,"7,9","Sweetra Women's Casual Versatile Tank Top, Summer Graphic Cheetah Print Tees Women Tops",https://sg.shein.com/Sweetra-Women-s-Casual-Versatile-Tank-Top-Summer-Graphic-Cheetah-Print-Tees-Women-Tops-p-208643065.html
307971017,2,"7,8","Sweetra Women's Vintage Elegant Jacquard Pleated Wide Leg Pants, Autumn/Winter",https://sg.shein.com/Sweetra-Women-s-Vintage-Elegant-Jacquard-Pleated-Wide-Leg-Pants-Autumn-Winter-p-307971017.html
74403544,2,"7,8","Sweetra Women's Vintage Elegant Color Woven Jacquard Pleated Wide Leg Pants, For Autumn/Winter Fall Cloth For Women",https://sg.shein.com/Sweetra-Women-s-Vintage-Elegant-Color-Woven-Jacquard-Pleated-Wide-Leg-Pants-For-Autumn-Winter-Fall-Cloth-For-Women-p-74403544.html
447979970,2,"7,8",SHEIN PETITE Women's Solid Color Tie Waist Wide Leg Loose Casual Versatile Pants,https://sg.shein.com/SHEIN-PETITE-Women-s-Solid-Color-Tie-Waist-Wide-Leg-Loose-Casual-Versatile-Pants-p-447979970.html
208827936,2,"7,8","Vela Rue Minimalist Design Jumpsuit, Thin Solid Color Suit Pants With Zipper & Hook Closure, Flared Leg Slimming Trousers, Fashion All Season Spring",https://sg.shein.com/Vela-Rue-Minimalist-Design-Jumpsuit-Thin-Solid-Color-Suit-Pants-With-Zipper-Hook-Closure-Flared-Leg-Slimming-Trousers-Fashion-All-Season-Spring-p-208827936.html
34628601,2,"8,9",Dazy Designer Women's Fashionable Loose Fit Solid Color Shorts With Drawstring Waist Design Summer Sweater Shorts,https://sg.shein.com/Dazy-Designer-Women-s-Fashionable-Loose-Fit-Solid-Color-Shorts-With-Drawstring-Waist-Design-Summer-Sweater-Shorts-p-34628601.html
402289362,2,"8,9","DAZY Women's Business Casual Striped Wide Leg Pants, Suitable For Commuting And Daily Wear",https://sg.shein.com/DAZY-Women-s-Business-Casual-Striped-Wide-Leg-Pants-Suitable-For-Commuting-And-Daily-Wear-p-402289362.html
254270176,2,"8,9","Vela Rue Minimalist Design Pants, Hook & Zipper Closure, Thin Solid Green Straight Leg Trousers, Flattering Wide Leg, Fashionable All Season Spring",https://sg.shein.com/Vela-Rue-Minimalist-Design-Pants-Hook-Zipper-Closure-Thin-Solid-Green-Straight-Leg-Trousers-Flattering-Wide-Leg-Fashionable-All-Season-Spring-p-254270176.html
35474738,2,"8,10",SHEIN PETITE Ladies' Plain & Simple Daily Wear Long Pants Fall Cloth For Women,https://sg.shein.com/SHEIN-PETITE-Ladies-Plain-Simple-Daily-Wear-Long-Pants-Fall-Cloth-For-Women-p-35474738.html
438194289,2,"8,9",Women's Satin Lace Trim Spaghetti Strap Cami Top - Alluring Side Slit Khaki Summer Camisole Casual,https://sg.shein.com/Women-s-Satin-Lace-Trim-Spaghetti-Strap-Cami-Top-Alluring-Side-Slit-Khaki-Summer-Camisole-Casual-p-438194289.html
446958294,2,"8,9","Fitted Cropped Round Neck Short Sleeve Baby Tee, American Y2K Sexy Basic Midriff-Baring T-Shirt Casual Red Summer",https://sg.shein.com/Fitted-Cropped-Round-Neck-Short-Sleeve-Baby-Tee-American-Y2K-Sexy-Basic-Midriff-Baring-T-Shirt-Casual-Red-Summer-p-446958294.html
350806443,2,"8,9","Franclia Fashionable Casual Commute Versatile Textured Soft Fabric High Waist Slit Gray Women Shorts/Skirt/Culottes/Hot Pants, Spring/Autumn",https://sg.shein.com/Franclia-Fashionable-Casual-Commute-Versatile-Textured-Soft-Fabric-High-Waist-Slit-Gray-Women-Shorts-Skirt-Culottes-Hot-Pants-Spring-Autumn-p-350806443.html
317342804,2,"8,9","Franclia Women's High Waist Grey Summer Modest Office Skirt Shorts,A-Line Split Hem Textured Soft Fabric Skorts,Fashionable Casual Commute Versatile Clothing",https://sg.shein.com/Franclia-Women-s-High-Waist-Grey-Summer-Modest-Office-Skirt-Shorts-A-Line-Split-Hem-Textured-Soft-Fabric-Skorts-Fashionable-Casual-Commute-Versatile-Clothing-p-317342804.html
30478485,2,"9,10",DAZY Ladies' Elastic Drawstring Shorts Summer,https://sg.shein.com/DAZY-Ladies-Elastic-Drawstring-Shorts-Summer-p-30478485.html
414858498,2,"9,10","Women's Loose Round Neck Tee With Letter Print. Casual Holiday Style, Comfy For Daily And Vacation Wear.",https://sg.shein.com/Women-s-Loose-Round-Neck-Tee-With-Letter-Print-Casual-Holiday-Style-Comfy-For-Daily-And-Vacation-Wear-p-414858498.html
448923269,2,"9,10","Comfortcana Women's 3pcs Summer Cute Pink Check Shorts Set,Drawstring Waist Pleated Plaid Casual Outfit For Girls,Versatile Beach Picnic Vacation Wear,Y2k Style",https://sg.shein.com/Comfortcana-Women-s-3pcs-Summer-Cute-Pink-Check-Shorts-Set-Drawstring-Waist-Pleated-Plaid-Casual-Outfit-For-Girls-Versatile-Beach-Picnic-Vacation-Wear-Y2k-Style-p-448923269.html
110131255,2,"9,10","Sweetra Women Casual Ruched Square Neck Camisole Top, Summer",https://sg.shein.com/Sweetra-Women-Casual-Ruched-Square-Neck-Camisole-Top-Summer-p-110131255.html
454488086,2,"9,10","Sweetra Women's Casual Pleated Square Neck Camisole, Summer",https://sg.shein.com/Sweetra-Women-s-Casual-Pleated-Square-Neck-Camisole-Summer-p-454488086.html
319724101,2,"9,10","Sweetra 2pcs Women Casual Scoop Neck Knit Tank Top Set, Apricot And Coffee Brown, Autumn",https://sg.shein.com/Sweetra-2pcs-Women-Casual-Scoop-Neck-Knit-Tank-Top-Set-Apricot-And-Coffee-Brown-Autumn-p-319724101.html
