product_id,product_url,final_url,source_page,appear_count,appear_pages,sales_tag,is_real_sales_tag,title,price,sku,color,material,composition,fabric_elasticity,fit_type,pattern_type,style,occasion,details,type,length,neckline,sleeve_length,sleeve_type,waist_line,closure_type,placket,pockets,body,hem_shaped,lined_for_added_warmth,features,sheer,temperature,festivals,attribute_count,attribute_keys,attributes_json,raw_description_text,crawl_time,page_status,status_reason,parse_status,html_saved_path,visible_text_saved_path,description_raw_text_saved_path
57883154,https://sg.shein.com/2025-Autumn-Winter-Women-Wide-Leg-High-Waist-Casual-Loose-Trousers-Versatile-Suit-Pants-Black-Summer-p-57883154.html?mallCode=1&pageListType=4&detailBusinessFrom=0-1_57883154%7C0-2,https://sg.shein.com/2025-Autumn-Winter-Women-Wide-Leg-High-Waist-Casual-Loose-Trousers-Versatile-Suit-Pants-Black-Summer-p-57883154.html?mallCode=1&pageListType=4&detailBusinessFrom=0-1_57883154%7C0-2,2,3,"2,7,8",34.1k+ sold,TRUE,"2025 Autumn/Winter Women Wide Leg High Waist Casual Loose Trousers, Versatile Suit Pants Black Summer",S$12.49,sz25020983472487747,Black,Knitted Fabric,"95% Polyester, 5% Elastane",Non-Stretch,Loose,,Casual,Daily,Rib-Knit,Straight Leg,Long,,,,Natural(Mid Waist),Zipper Fly,,No,Unlined,,No,Comfortable,Yes,,Mother's Day,19,"Features,Closure Type,Details,Body,Style,Occasion,Lined For Added Warmth,Pockets,Festivals,Color,Type,Waist Line,Length,Fabric Elasticity,Fit Type,Material,Composition,Care Instructions,Sheer","{""Features"": ""Comfortable"", ""Closure Type"": ""Zipper Fly"", ""Details"": ""Rib-Knit"", ""Body"": ""Unlined"", ""Style"": ""Casual"", ""Occasion"": ""Daily"", ""Lined For Added Warmth"": ""No"", ""Pockets"": ""No"", ""Festivals"": ""Mother's Day"", ""Color"": ""Black"", ""Type"": ""Straight Leg"", ""Waist Line"": ""Natural(Mid Waist)"", ""Length"": ""Long"", ""Fabric Elasticity"": ""Non-Stretch"", ""Fit Type"": ""Loose"", ""Material"": ""Knitted Fabric"", ""Composition"": ""95% Polyester, 5% Elastane"", ""Care Instructions"": ""Machine wash or professional dry clean"", ""Sheer"": ""Yes""}","【Description DOM 文本】
Description
Yes,Rib-Knit,Mother's Day
Size & Fit
About Store
WJGJZ
4.81
Rating
34
Items
1.3K
Followers
p***r
paid
1 day ago
9***4
followed
12 hours ago
a***1
is browsing
4.81
Rating
34
Items
1.3K
Followers
a***7
paid
1 day ago
D***s
followed
14 hours ago
h***3
is browsing
4.81
Rating
34
Items
1.3K
Followers
s***a
paid
1 day ago
r***i
followed
17 hours ago
l***1
is browsing
4.81
Rating
34
Items
1.3K
Followers
s***a
paid
1 day ago
a***4
followed
22 hours ago
c***9
is browsing
4.81
Rating
34
Items
1.3K
Followers
k***e
paid
1 day ago
5***y
followed
1 day ago
l***3
is browsing
4.81
Rating
34
Items
1.3K
Followers
a***7
paid
1 day ago
k***n
followed
1 day ago
k***d
is browsing
4.81
Rating
34
Items
1.3K
Followers
d***e
paid
1 day ago
r***a
followed
1 day ago
9***4
is browsing
4.81
Rating
34
Items
1.3K
Followers
j***8
paid
1 day ago
G***a
followed
1 day ago
9***1
is browsing
4.81
Rating
34
Items
1.3K
Followers
l***8
paid
1 day ago
l***p
followed
1 day ago
k***1
is browsing
4.81
Rating
34
Items
1.3K
Followers
j***7
paid
1 day ago
Z****
followed
1 day ago
m***o
is browsing
75K+ Sold Recently
8K+ Repurchase
All Items
Follow

【从 HTML 真实属性表提取的全部 key-value】
Features: Comfortable
Closure Type: Zipper Fly
Details: Rib-Knit
Body: Unlined
Style: Casual
Occasion: Daily
Lined For Added Warmth: No
Pockets: No
Festivals: Mother's Day
Color: Black
Type: Straight Leg
Waist Line: Natural(Mid Waist)
Length: Long
Fabric Elasticity: Non-Stretch
Fit Type: Loose
Material: Knitted Fabric
Composition: 95% Polyester, 5% Elastane
Care Instructions: Machine wash or professional dry clean
Sheer: Yes

【productDescriptionInfo 原始 HTML/JSON 片段】
sed"":{""title"":""Product details"",""materialInfoList"":[{""attrName"":""Material"",""attrValue"":""Knitted Fabric"",""attrId"":160,""attrValueId"":""1007420"",""isQualityComposition"":null},{""attrName"":""Composition"",""attrValue"":""95% Polyester, 5% Elastane"",""attrId"":62,""attrValueId"":""526"",""isQualityComposition"":null}]},""productDescriptionInfo"":{""productDetails"":[{""heelHeightRangeDesc"":null,""isHeelHeight"":null,""attr_name"":""Features"",""attr_value"":""Comfortable"",""attr_name_en"":""Features"",""attr_id"":217,""value_sort"":3,""attr_desc"":"""",""attr_image"":""http://img.ltwebstatic.com/v4/p/pi/2025/04/28/7e/1745831872dc470885e4f6da99a4c3a1df46edb424.png"",""attrImgList"":[{""attr_desc"":""Comfortable"",""attr_image"":""http://img.ltwebstatic.com/v4/p/pi/2025/04/28/7e/1745831872dc470885e4f6da99a4c3a1df46edb424.png""}],""attr_sort"":22,""attr_value_id"":""1009898"",""attr_value_id_for_sort"":0,""attr_value_en"":""Comfortable""},{""heelHeightRangeDesc"":null,""isHeelHeight"":null,""attr_name"":""Closure Type"",""attr_value"":""Zipper Fly"",""attr_name_en"":""Closure Type"",""attr_id"":25,""value_sort"":0,""attr_desc"":"""",""attr_image"":"""",""attrImgList"":null,""attr_sort"":14,""attr_value_id"":""770"",""attr_value_id_for_sort"":0,""attr_value_en"":""Zipper Fly""},{""heelHeightRangeDesc"":null,""isHeelHeight"":null,""attr_name"":""Details"",""attr_value"":""Rib-Knit"",""attr_name_en"":""Details"",""attr_id"":31,""value_sort"":0,""attr_desc"":"""",""attr_image"":"""",""attrImgList"":null,""attr_sort"":15,""attr_value_id"":""1082"",""attr_value_id_for_sort"":0,""attr_value_en"":""Rib-Knit""},{""heelHeightRangeDesc"":null,""isHeelHeight"":null,""attr_name"":""Body"",""attr_value"":""Unlined"",""attr_name_en"":""Body"",""attr_id"":58,""value_sort"":0,""attr_desc"":"""",""attr_image"":"""",""attrImgList"":null,""attr_sort"":16,""attr_value_id"":""1001808"",""attr_value_id_for_sort"":0,""attr_value_en"":""Unlined""},{""heelHeightRangeDesc"":null,""isHeelHeight"":null,""attr_name"":""Style"",""attr_value"":""Casual"",""attr_name_en"":""Style"",""attr_id"":101,""value_sort"":0,""attr_desc"":"""",""attr_image"":"""",""attrImgList"":null,""attr_sort"":19,""attr_value_id"":""167"",""attr_value_id_for_sort"":0,""attr_value_en"":""Casual""},{""heelHeightRangeDesc"":null,""isHeelHeight"":null,""attr_name"":""Occasion"",""attr_value"":""Daily"",""attr_name_en"":""Occasion"",""attr_id"":128,""value_sort"":0,""attr_desc"":"""",""attr_image"":"""",""attrImgList"":null,""attr_sort"":20,""attr_value_id"":""1002811"",""attr_value_id_for_sort"":0,""attr_value_en"":""Daily""},{""heelHeightRangeDesc"":null,""isHeelHeight"":null,""attr_name"":""Lined For Added Warmth"",""attr_value"":""No"",""attr_name_en"":""Lined For Added Warmth"",""attr_id"":1000437,""value_sort"":0,""attr_desc"":"""",""attr_image"":"""",""attrImgList"":null,""attr_sort"":23,""attr_value_id"":""459"",""attr_value_id_for_sort"":0,""attr_value_en"":""No""},{""heelHeightRangeDesc"":null,""isHeelHeight"":null,""attr_name"":""Pockets"",""attr_value"":""No"",""attr_name_en"":""Pockets"",""attr_id"":1000438,""value_sort"":1,""attr_desc"":"""",""attr_image"":"""",""attrImgList"":null,""attr_sort"":24,""attr_value_id"":""459"",""attr_value_id_for_sort"":0,""attr_value_en"":""No""},{""heelHeightRangeDesc"":null,""isHeelHeight"":null,""attr_name"":""Festivals"",""attr_value"":""Mother's Day"",""attr_name_en"":""Festivals"",""attr_id"":1001137,""value_sort"":0,""attr_desc"":"""",""attr_image"":"""",""attrImgList"":null,""attr_sort"":28,""attr_value_id"":""2061051"",""attr_value_id_for_sort"":0,""attr_value_en"":""Mother's Day""},{""heelHeightRangeDesc"":null,""isHeelHeight"":null,""attr_name"":""Color"",""attr_value"":""Black"",""attr_name_en"":""Color"",""attr_id"":27,""value_sort"":10,""attr_desc"":"""",""attr_image"":"""",""attrImgList"":null,""attr_sort"":31,""attr_value_id"":""112"",""attr_value_id_for_sort"":0,""attr_value_en"":""Black""},{""heelHeightRangeDesc"":null,""isHeelHeight"":null,""attr_name"":""Type"",""attr_value"":""Straight Leg"",""attr_name_en"":""Type"",""attr_id"":109,""value_sort"":0,""attr_desc"":"""",""attr_image"":"""",""attrImgList"":null,""attr_sort"":34,""attr_value_id"":""643"",""attr_value_id_for_sort"":0,""attr_value_en"":""Straight Leg""},{""heelHeightRangeDesc"":null,""isHeelHeight"":null,""attr_name"":""Waist Line"",""attr_value"":""Natural(Mid Waist)"",""attr_name_en"":""Waist Line"",""attr_id"":113,""value_sort"":0,""attr_desc"":"""",""attr_image"":"""",""attrImgList"":null,""attr_sort"":35,""attr_value_id"":""454"",""attr_value_id_for_sort"":0,""attr_value_en"":""Natural(Mid Waist)""},{""heelHeightRangeDesc"":null,""isHeelHeight"":null,""attr_name"":""Length"",""attr_value"":""Long"",""attr_name_en"":""Length"",""attr_id"":54,""value_sort"":0,""attr_desc"":"""",""attr_image"":"""",""attrImgList"":null,""attr_sort"":36,""attr_value_id"":""408"",""attr_value_id_for_sort"":0,""attr_value_en"":""Long""},{""heelHeightRangeDesc"":null,""isHeelHeight"":null,""attr_name"":""Fabric Elasticity"",""attr_value"":""Non-Stretch"",""attr_name_en"":""Fabric Elasticity"",""attr_id"":39,""value_sort"":0,""attr_desc"":"""",""attr_image"":"""",""attrImgList"":null,""attr_sort"":37,""attr_value_id"":""279"",""attr_value_id_for_sort"":0,""attr_value_en"":""Non-Stretch""},{""heelHeightRangeDesc"":null,""isHeelHeight"":null,""attr_name"":""Fit Type"",""attr_value"":""Loose"",""attr_name_en"":""Fit Type"",""attr_id"":40,""value_sort"":0,""attr_desc"":"""",""attr_image"":"""",""attrImgList"":null,""attr_sort"":38,""attr_value_id"":""412"",""attr_value_id_for_sort"":0,""attr_value_en"":""Loose""},{""heelHeightRangeDesc"":null,""isHeelHeight"":null,""attr_name"":""Material"",""attr_value"":""Knitted Fabric"",""attr_name_en"":""Material"",""attr_id"":160,""value_sort"":0,""attr_desc"":"""",""attr_image"":"""",""attrImgList"":null,""attr_sort"":40,""attr_value_id"":""1007420"",""attr_value_id_for_sort"":0,""attr_value_en"":""Knitted Fabric""},{""heelHeightRangeDesc"":null,""isHeelHeight"":null,""attr_name"":""Composition"",""attr_value"":""95% Polyester, 5% Elastane"",""attr_name_en"":""Composition"",""attr_id"":62,""value_sort"":1,""attr_desc"":"""",""attr_image"":"""",""attrImgList"":null,""attr_sort"":42,""attr_value_id"":""526"",""attr_value_id_for_sort"":0,""attr_value_en"":""95% Polyester""},{""heelHeightRangeDesc"":null,""isHeelHeight"":null,""attr_name"":""Care Instructions"",""attr_value"":""Machine wash or professional dry clean"",""attr_name_en"":""Care Instructions"",""attr_id"":1000069,""value_sort"":1,""attr_desc"":"""",""attr_image"":"""",""attrImgList"":null,""attr_sort"":43,""attr_value_id"":""1002238"",""attr_value_id_for_sort"":0,""attr_value_en"":""Machine wash or professional dry clean""},{""heelHeightRangeDesc"":null,""isHeelHeight"":null,""attr_name"":""Sheer"",""attr_value"":""Yes"",""attr_name_en"":""Sheer"",""attr_id"":207,""value_sort"":0,""attr_desc"":"""",""attr_image"":"""",""attrImgList"":null,""attr_sort"":47,""attr_value_id"":""763"",""attr_value_id_for_sort"":0,""attr_value_en"":""Yes""}],""completeProductDetails"":[{""heelHeightRangeDesc"":null,""isHeelHeight"":null,""attr_name"":""Closure Type"",""attr_value"":""Zipper Fly"",""attr_name_en"":""Closure Type"",""attr_id"":25,""value_sort"":0,""attr_desc"":"""",""attr_image"":"""",""attrImgList"":null,""attr_sort"":14,""attr_value_id"":""770"",""attr_value_id_for_sort"":0,""attr_value_en"":""Zipper Fly""},{""heelHeightRangeDesc"":null,""isHeelHeight"":null,""attr_name"":""Details"",""attr_value"":""Rib-Knit"",""attr_name_en"":""Details"",""attr_id"":31,""value_sort"":0,""attr_desc"":"""",""attr_image"":"""",""attrImgList"":null,""attr_sort"":15,""attr_value_id"":""1082"",""attr_value_id_for_sort"":0,""attr_value_en"":""Rib-Knit""},{""heelHeightRangeDesc"":null,""isHeelHeight"":null,""attr_name"":""Body"",""attr_value"":""Unlined"",""attr_name_en"":""Body"",""attr_id"":58,""value_sort"":0,""attr_desc"":"""",""attr_image"":"""",""attrImgList"":null,""attr_sort"":16,""attr_value_id"":""1001808"",""attr_value_id_for_sort"":0,""attr_value_en"":""Unlined""},{""heelHeightRangeDesc"":null,""isHeelHeight"":null,""attr_name"":""Style"",""attr_value"":""Casual"",""attr_name_en"":""Style"",""attr_id"":101,""value_sort"":0,""attr_desc"":"""",""attr_image"":"""",""attrImgList"":null,""attr_sort"":19,""attr_value_id"":""167"",""attr_value_id_for_sort"":0,""attr_value_en"":""Casual""},{""heelHeightRangeDesc"":null,""isHeelHeight"":null,""attr_name"":""Occasion"",""attr_value"":""Daily"",""attr_name_en"":""Occasion"",""attr_id"":128,""value_sort"":0,""attr_desc"":"""",""attr_image"":"""",""attrImgList"":null,""attr_sort"":20,""attr_value_id"":""1002811"",""attr_value_id_for_sort"":0,""attr_value_en"":""Daily""},{""heelHeightRangeDesc"":null,""isHeelHeight"":null,""attr_name"":""Features"",""attr_value"":""Comfortable"",""attr_name_en"":""Features"",""attr_id"":217,""value_sort"":3,""attr_desc"":"""",""attr_image"":""http://img.ltwebstatic.com/v4/p/pi/2025/04/28/7e/1745831872dc470885e4f6da99a4c3a1df46edb424.png"",""attrImgList"":null,""attr_sort"":22,""attr_value_id"":""1009898"",""attr_value_id_for_sort"":0,""attr_value_en"":""Comfortable""},{""heelHeightRangeDesc"":null,""isHeelHeight"":null,""attr_name"":""Lined For Added Warmth"",""attr_value"":""No"",""attr_name_en"":""Lined For Added Warmth"",""attr_id"":1000437,""value_sort"":0,""attr_desc"":"""",""attr_image"":"""",""attrImgList"":null,""attr_sort"":23,""attr_value_id"":""459"",""attr_value_id_for_sort"":0,""attr_value_en"":""No""},{""heelHeightRangeDesc"":null,""isHeelHeight"":null,""attr_name"":""Pockets"",""attr_value"":""No"",""attr_name_en"":""Pockets"",""attr_id"":1000438,""value_sort"":1,""attr_desc"":"""",""attr_image"":"""",""attrImgList"":null,""attr_sort"":24,""attr_value_id"":""459"",""attr_value_id_for_sort"":0,""attr_value_en"":""No""},{""heelHeightRangeDesc"":null,""isHeelHeight"":null,""attr_name"":""Festivals"",""attr_value"":""Mother's Day"",""attr_name_en"":""Festivals"",""attr_id"":1001137,""value_sort"":0,""attr_desc"":"""",""attr_image"":"""",""attrImgList"":null,""attr_sort"":28,""attr_value_id"":""2061051"",""attr_value_id_for_sort"":0,""attr_value_en"":""Mother's Day""},{""heelHeightRangeDesc"":null,""isHeelHeight"":null,""attr_name"":""Color"",""attr_value"":""Black"",""attr_name_en"":""Color"",""attr_id"":27,""value_sort"":10,""attr_desc"":"""",""attr_image"":"""",""attrImgList"":null,""attr_sort"":31,""attr_value_id"":""112"",""attr_value_id_for_sort"":0,""attr_value_en"":""Black""},{""heelHeightRangeDesc"":null,""isHeelHeight"":null,""attr_name"":""Type"",""attr_value"":""Straight Leg"",""attr_name_en"":""Type"",""attr_id"":109,""value_sort"":0,""attr_desc"":"""",""attr_image"":"""",""attrImgList"":null,""attr_sort"":34,""attr_value_id"":""643"",""attr_value_id_for_sort"":0,""attr_value_en"":""Straight Leg""},{""heelHeightRangeDesc"":null,""isHeelHeight"":null,""attr_name"":""Waist Line"",""attr_value"":""Natural(Mid Waist)"",""attr_name_en"":""Waist Line"",""attr_id"":113,""value_sort"":0,""attr_desc"":"""",""attr_image"":"""",""attrImgList"":null,""attr_sort"":35,""attr_value_id"":""454"",""attr_value_id_for_sort"":0,""attr_value_en"":""Natural(Mid Waist)""},{""heelHeightRangeDesc"":null,""isHeelHeight"":null,""attr_name"":""Length"",""attr_value"":""Long"",""attr_name_en"":""Length"",""attr_id"":54,""value_sort"":0,""attr_desc"":"""",""attr_image"":"""",""attrImgList"":null,""attr_sort"":36,""attr_value_id"":""408"",""attr_value_id_for_sort"":0,""attr_value_en"":""Long""},{""heelHeightRangeDesc"":null,""isHeelHeight"":null,""attr_name"":""Fabric Elasticity"",""attr_value"":""Non-Stretch"",""attr_name_en"":""Fabric Elasticity"",""attr_id"":39,""value_sort"":0,""attr_desc"":"""",""attr_image"":"""",""attrImgList"":null,""attr_sort"":37,""attr_value_id"":""279"",""attr_value_id_for_sort"":0,""attr_value_en"":""Non-Stretch""},{""heelHeightRangeDesc"":null,""isHeelHeight"":null,""attr_name"":""Fit Type"",""attr_value"":""Loose"",""attr_name_en"":""Fit Type"",""attr_id"":40,""value_sort"":0,""attr_desc"":"""",""attr_image"":"""",""attrImgList"":null,""attr_sort"":38,""attr_value_id"":""412"",""attr_value_id_for_sort"":0,""attr_value_en"":""Loose""},{""heelHeightRangeDesc"":null,""isHeelHeight"":null,""attr_name"":""Material"",""attr_value"":""Knitted Fabric"",""attr_name_en"":""Material"",""attr_id"":160,""value_sort"":0,""attr_desc"":"""",""attr_image"":"""",""attrImgList"":null,""attr_sort"":40,""attr_value_id"":""1007420"",""attr_value_id_for_sort"":0,""attr_value_en"":""Knitted Fabric""},{""heelHeightRangeDesc"":null,""isHeelHeight"":null,""attr_name"":""Composition"",""attr_value"":""95% Polyester"",""attr_name_en"":""Composition"",""attr_id"":62,""value_sort"":1,""attr_desc"":"""",""attr_image"":"""",""attrImgList"":null,""attr_sort"":42,""attr_value_id"":""526"",""attr_value_id_for_sort"":0,""attr_value_en"":""95% Polyester""},{""heelHeightRangeDesc"":null,""isHeelHeight"":null,""attr_name"":""Composition"",""attr_value"":""5% Elastane"",""attr_name_en"":""Composition"",""attr_id"":62,""value_sort"":1,""attr_desc"":"""",""attr_image"":"""",""attrImgList"":null,""attr_sort"":42,""attr_value_id"":""255"",""attr_value_id_for_sort"":0,""attr_value_en"":""5% Elastane""},{""heelHeightRangeDesc"":null,""isHeelHeight"":null,""attr_name"":""Care Instructions"",""attr_value"":""Machine wash or professional dry clean"",""attr_name_en"":""Care Instructions"",""attr_id"":1000069,""value_sort"":1,""attr_desc"":"""",""attr_image"":"""",""attrImgList"":null,""attr_sort"":43,""attr_value_id"":""1002238"",""attr_value_id_for_sort"":0,""attr_value_en"":""Machine wash or professional dry clean""},{""heelHeightRangeDesc"":null,""isHeelHeight"":null,""attr_name"":""Sheer"",""attr_value"":""Yes"",""attr_name_en"":""Sheer"",""attr_id"":207,""value_sort"":0,""attr_desc"":"""",""attr_image"":"""",""attrImgList"":null,""attr_sort"":47,""attr_value_id"":""763"",""attr_value_id_for_sort"":0,""attr_value_en"":""Yes""}],""filterProductDetailsAttrId"":[""161"",""134"",""1000557"",""31"",""179"",""40"",""129"",""1000586"",""54"",""25"",""66"",""133"",""73"",""74"",""150"",""1000585"",""77"",""79"",""207"",""90"",""92"",""99"",""101"",""106"",""168"",""109"",""1000558"",""180"",""1000104"",""113"",""1000437"",""1000438"",""1000627"",""1000665"",""1000667"",""23"",""58"",""9"",""47"",""1000709"",""217"",""1000713"",""1000712"",""1000670"",""1000004"",""1000545"",""1000010"",""1001120""],""descriptionsOutSideFromABC"":[{""score"":""0.0826"",""attr_name_val"":""Yes"",""attr_name"":""Sheer""},{""score"":""0.0739"",""attr_name_val"":""Rib-Knit"",""attr_name"":""Details""},{""score"":""0.0654"",""attr_name_val"":""Mother's Day"",""attr_name"":""Festivals""}],""descriptionExtInfo"":{""cccConfigBlackAttrIds"":null,""cccConfigOutAttrIds"":null,""cccConfigOutAttrs"":null,""charger"":null,""descriptionFeatureInfo"":null,""qualityCertificationList"":null,""qualityCertificationTrack"":""0"",""descriptionFeatureTrack"":""0""},""goods_desc"":""""},""euRespPerson"":{""euRespTitle"":""EU responsible person for this product"",""jumpUrl"":""https://api-shein.shein.com/h5/productInfo/eur-resp-person-detail?goods_id=57883154&goods_sn=sz25020983472487747&isNew=1"",""energyLabelJumpUrl"":""https://api-shein.shein.com/h5/productInfo/energy-efficiency-popup?goods_id=57883154&goods_sn=sz25020983472487747"",""isClick"":""1""},""sheglamTspFlag"":""0"",""productSkcSouringRespDTO"":{""goods_id"":null,""conText"":null,""related_factory_info"":null,""related_supplier_info"":null},""jpRuleTipsFlag"":""0"",""jpRulesTips"":""The CM range in the size chart corresponds to children's height. Please choose the appropriate size based on the child's height."",""isAppointMall"":""0"",""goods_id"":""57883154"",""goods_sn"":""sz25020983472487747"",""goods_name"":""2025 Autumn/Winter Women Wide Leg High Waist Casual Loose Trousers, Versatile Suit Pants Black Summer"",""titleSellingPointList"":[],""goods_img"":""//img.ltwebstatic.com/images3_spmp/2025/02/09/d7/173906777379bbafc6aaf11861c7c2c10880439e89_thumbnail_405x552.jpg"",""goods_thumb"":""//img.ltwebstatic.com/images3_spmp/2025/02/09/d7/173906777379bbafc6aaf11861c7c2c10880439e89_thumbnail_220x293.jpg"",""cat_id"":""1740"",""cate_name"":""Women Bottoms"",""video_url"":""https://api-shein.shein.com/h5/playVimeo?video_url=1760704234894ebf5aa45cc5ee12aa76ebf17b3d00.mp4"",""is_on_sale"":""1"",""stock"":""20"",""attrModuleComponentConfig"":{},""shoppingSecurityInfo"":{""title"":""Shopping Security"",""items"":[""Safe Payments"",""Privacy Protection""],""detail"":{""items"":[{""itemType"":""1"",""title"":""Safe Payments"",""desc"":""Your payment at SHEIN is secured with global payment security certifications."",""linkType"":""1"",""linkName"":""Learn more>"",""linkNameUrl"":""https://api-shein.shein.com/h5/appArticle?article_id=278"",""items"":[{""title"":""1. Payment method"",""type"":""1"",""imgUrls"":[""http://img.ltwebstatic.com/v4/p/pfms/2025/11/12/42/1762956150d803a5a027157778d7c3df6da1d87cd5.png"",""http://img.ltwebstatic.com/v4/p/pfms/2025/04/23/0b/174539643945495cd1614d1818d204575ccf947297.png"",""http://img.ltwebstatic.com/v4/p/pfms/2025/11/12/b9/1762953928cfb61e5005937c711ad1d3328ebc97e9.png""]},{""title"":""2. Security certification"",""type"":""2"",""imgUrls"":[""https://img.ltwebstatic.com/images3_acp/2021/07/31/mastercard.png"",""https://img.ltwebstatic.com/images3_acp/2021/07/31/visa.png""]}]},{""itemType"":""4"",""title"":""Privacy Protection"",""desc"":""SHEIN does not share personal information about you with nonaffiliated third parties. All your information and privacy will not be compromised."",""linkType"":""1"",""linkName"":""Learn more"",""linkNameUrl"":""https://api-shein.shein.com/h5/appArticle?article_id=282""}]}},""customization_attributes"":{""customization_flag"":0,""customize_url"":null,""customize_article_url"":null,""customization_platfrom_flag"":null},""is_support_return"":""1"",""return_title"":""Return Policy""},""saleAttr"":{""mainSaleAttribute"":{""mainSaleAttrDesc"":"""",""canShowLargeImg"":""1"",""skcPrepose"":""0"",""mainSaleAttrShowMode"":""2"",""info"":[{""isShowThickening"":""0"",""isNew"":""0"",""attr_id"":""27"",""attr_name"":""Color"",""attr_value_id"":""112"",""attr_value"":""Black"",""goods_id"":""57883154"",""goods_sn"":""sz25020983472487747"",""goods_color_image"":""//img.ltwebstatic.com/images3_spmp/2025/02/09/29/17390678165a55d9d216fcd96a7c3d617b1a0f5807.png"",""goods_image"":""//img.ltwebstatic.com/images3_spmp/2025/02/09/d7/173906777379bbafc6aaf11861c7c2c10880439e89_thumbnail_405x552.jpg"",""goods_url_name"":""2025 Autumn Winter Women Wide Leg High Waist Casual Loose Trousers Versatile Suit Pants Black Summer"",""cat_id"":""1740"",""hot_color"":""1"",""isEco"":""0"",""attrImg"":{""attr_desc"":"""",""attr_image"":""""}},{""isShowThickening"":""0"",""isNew"":""0"",""attr_id"":""27"",""attr_name"":""Color"",""attr_value_id"":""140"",""attr_value"":""Brown"",""goods_id"":""74675978"",""goods_sn"":""sz25020983472408871"",""goods_color_image"":""//img.ltwebstatic.com/v4/p/spmp/2025/04/23/88/1745412405a0c05fc320013038d7929ce3e391434d.png"",""goods_image"":""//img.ltwebstatic.com/v4/j/spmp/2025/04/23/12/174541238160a4458f6054709948491ba15ae62466_thumbnail_405x552.jpg"",""goods_url_name"":""2025 Autumn Winter Wide Leg Straight High Waisted Casual Trousers Relaxed Fit Elegant Mom Suit Pants Summer"",""cat_id"":""1740"",""hot_color"":""0"",""isEco"":""0"",""attrImg"":{""attr_desc"":"""",""attr_image"":""""}},{""isShowThickening"":""0"",""isNew"":""0"",""attr_id"":""27"",""attr_name"":""Color"",""attr_value_id"":""336"",""attr_value"":""Grey"",""goods_id"":""74846439"",""goods_sn"":""sz25020983472415993"",""goods_color_image"":""//img.ltwebstatic.com/v4/p/spmp/2025/04/30/d7/1745982468ded1829814dd07f42be731e305ac043a.png"",""goods_image"":""//img.ltwebstatic.com/v4/j/spmp/2025/05/09/f0/17467936486ad4a9c452984ee7a21573f748675d27_thumbnail_405x552.jpg"",""goods_url_name"":""2025 Autumn Winter Women Straight Leg Pants Loose High Waist Casual Trousers Versatile Mom Suit Pants Summer"",""cat_id"":""1740"",""hot_color"":""0"",""isEco"":""0"",""attrImg"":{""attr_desc"":"""",""attr_image"":""""}},{""isShowThickening"":""0"",""isNew"":""0"",""attr_id"":""27"",""attr_name"":""Color"",""attr_value_id"":""544"",""attr_value"":""Red"",""goods_id"":""77145522"",""goods_sn"":""sz25020983472487409"",""goods_color_image"":""//img.ltwebstatic.com/v4/p/spmp/2025/04/30/da/1745982478639693f469",2026-06-03T15:32:04+08:00,success,商品主体信息命中 7 项,success,D:\V2\data\debug\v2_9a_one_sold_product\57883154.html,D:\V2\data\debug\v2_9a_one_sold_product\57883154_visible_text.txt,D:\V2\data\debug\v2_9a_one_sold_product\57883154_description_raw_text.txt
