product_id,product_url,final_url,source_page,appear_count,appear_pages,sales_tag,is_real_sales_tag,title,price,sku,color,material,composition,fabric_elasticity,fit_type,pattern_type,style,occasion,details,type,length,neckline,sleeve_length,sleeve_type,waist_line,closure_type,placket,pockets,body,hem_shaped,lined_for_added_warmth,features,sheer,temperature,festivals,attribute_count,attribute_keys,attributes_json,raw_description_text,crawl_time,page_status,status_reason,parse_status,html_saved_path,visible_text_saved_path,description_raw_text_saved_path,fetch_mode,fetch_seconds,save_seconds,parse_seconds,product_total_seconds,detail_dwell_seconds,inter_sleep_seconds,attempt_count,captcha_wait_used,captcha_wait_seconds,recovery_used,manual_wait_seconds,stable_success_streak,consecutive_failures,fast_mode_min_cycle_seconds,frequency_guard_enabled
57883154,https://sg.shein.com/2025-Autumn-Winter-Women-Wide-Leg-High-Waist-Casual-Loose-Trousers-Versatile-Suit-Pants-Black-Summer-p-57883154.html,https://sg.shein.com/risk/challenge?captcha_type=909&redirection=https%3A%2F%2Fsg.shein.com%2F2025-Autumn-Winter-Women-Wide-Leg-High-Waist-Casual-Loose-Trousers-Versatile-Suit-Pants-Black-Summer-p-57883154.html&risk-id=E4839596580852526208,2,3,"2,7,8",34.1k+ sold,TRUE,"2025 Autumn/Winter Women Wide Leg High Waist Casual Loose Trousers, Versatile Suit Pants Black Summer",S$12.49,,,,,,,,,,,,,,,,,,,,,,,,,,,0,,,页面状态为 blocked_or_verify，跳过 Description 解析：明确验证码页面,2026-06-11T10:57:32+08:00,blocked_or_verify,明确验证码页面,skipped_due_to_page_status,D:\V2\data\debug\v2_9d1c_detail_checkpoint_clean_urls\57883154.html,D:\V2\data\debug\v2_9d1c_detail_checkpoint_clean_urls\57883154_visible_text.txt,D:\V2\data\debug\v2_9d1c_detail_checkpoint_clean_urls\57883154_description_raw_text.txt,stable,90.13,0.01,0.06,90.37,,0.00,1,False,0.00,False,0.00,0,1,20,True
57883154,https://sg.shein.com/2025-Autumn-Winter-Women-Wide-Leg-High-Waist-Casual-Loose-Trousers-Versatile-Suit-Pants-Black-Summer-p-57883154.html,https://sg.shein.com/2025-Autumn-Winter-Women-Wide-Leg-High-Waist-Casual-Loose-Trousers-Versatile-Suit-Pants-Black-Summer-p-57883154.html,2,3,"2,7,8",34.1k+ sold,TRUE,"2025 Autumn/Winter Women Wide Leg High Waist Casual Loose Trousers, Versatile Suit Pants Black Summer",S$12.49,,,,,,,,,,,,,,,,,,,,,,,,,,,0,,,页面状态为 timeout，跳过 Description 解析：页面请求超时,2026-06-11T11:28:26+08:00,timeout,页面请求超时,skipped_due_to_page_status,D:\V2\data\debug\v2_9d1c_detail_checkpoint_clean_urls\57883154.html,D:\V2\data\debug\v2_9d1c_detail_checkpoint_clean_urls\57883154_visible_text.txt,D:\V2\data\debug\v2_9d1c_detail_checkpoint_clean_urls\57883154_description_raw_text.txt,stable,90.14,0.01,0.03,90.25,,5.81,1,False,0.00,False,0.00,0,0,20,True
57883154,https://sg.shein.com/2025-Autumn-Winter-Women-Wide-Leg-High-Waist-Casual-Loose-Trousers-Versatile-Suit-Pants-Black-Summer-p-57883154.html,https://sg.shein.com/,2,3,"2,7,8",34.1k+ sold,TRUE,"2025 Autumn/Winter Women Wide Leg High Waist Casual Loose Trousers, Versatile Suit Pants Black Summer",S$12.49,,,,,,,,,,,,,,,,,,,,,,,,,,,0,,,"页面状态为 fetch_failed，跳过 Description 解析：TargetClosedError: Page.goto: Target page, context or browser has been closed",2026-06-11T11:45:31+08:00,fetch_failed,"TargetClosedError: Page.goto: Target page, context or browser has been closed",skipped_due_to_page_status,D:\V2\data\debug\v2_9d1c_detail_checkpoint_clean_urls\57883154.html,D:\V2\data\debug\v2_9d1c_detail_checkpoint_clean_urls\57883154_visible_text.txt,D:\V2\data\debug\v2_9d1c_detail_checkpoint_clean_urls\57883154_description_raw_text.txt,stable,0.00,0.00,0.00,0.01,,4.80,1,False,0.00,False,0.00,0,1,20,True
38235874,https://sg.shein.com/EMERY-ROSE-s-Women-s-Summer-Casual-Crew-Neck-Short-Sleeve-T-Shirt-Tops-Solid-Color-Black-And-White-Basics-Everyday-For-Work-Office-Party-p-38235874.html,https://sg.shein.com/,3,3,"3,5,10",12.6k+ sold,TRUE,"EMERY ROSE 's Women's Summer Casual Crew Neck Short Sleeve T-Shirt Tops,Solid Color Black And White Basics Everyday For Work Office, Party",S$11.99,,,,,,,,,,,,,,,,,,,,,,,,,,,0,,,"页面状态为 fetch_failed，跳过 Description 解析：TargetClosedError: Page.goto: Target page, context or browser has been closed",2026-06-11T11:45:36+08:00,fetch_failed,"TargetClosedError: Page.goto: Target page, context or browser has been closed",skipped_due_to_page_status,D:\V2\data\debug\v2_9d1c_detail_checkpoint_clean_urls\38235874.html,D:\V2\data\debug\v2_9d1c_detail_checkpoint_clean_urls\38235874_visible_text.txt,D:\V2\data\debug\v2_9d1c_detail_checkpoint_clean_urls\38235874_description_raw_text.txt,fast,0.00,0.00,0.00,0.01,,4.56,1,False,0.00,False,0.00,0,2,20,True
445209541,https://sg.shein.com/Women-s-Casual-Short-Sleeve-Round-Neck-T-Shirt-Printed-Pattern-Soft-Comfortable-Fabric-Machine-Washable-Summer-Tops-p-445209541.html,https://sg.shein.com/,2,3,"2,7,8",8.7k+ sold,TRUE,"Women's Casual Short Sleeve Round Neck T-Shirt - Printed Pattern, Soft & Comfortable Fabric, Machine Washable, Summer Tops",S$5.99,,,,,,,,,,,,,,,,,,,,,,,,,,,0,,,"页面状态为 fetch_failed，跳过 Description 解析：TargetClosedError: Page.goto: Target page, context or browser has been closed",2026-06-11T11:45:41+08:00,fetch_failed,"TargetClosedError: Page.goto: Target page, context or browser has been closed",skipped_due_to_page_status,D:\V2\data\debug\v2_9d1c_detail_checkpoint_clean_urls\445209541.html,D:\V2\data\debug\v2_9d1c_detail_checkpoint_clean_urls\445209541_visible_text.txt,D:\V2\data\debug\v2_9d1c_detail_checkpoint_clean_urls\445209541_description_raw_text.txt,fast,0.00,0.00,0.00,0.01,,3.02,1,False,0.00,False,0.00,0,3,20,True
57883154,https://sg.shein.com/2025-Autumn-Winter-Women-Wide-Leg-High-Waist-Casual-Loose-Trousers-Versatile-Suit-Pants-Black-Summer-p-57883154.html,https://sg.shein.com/risk/challenge?captcha_type=909&redirection=https%3A%2F%2Fsg.shein.com%2F2025-Autumn-Winter-Women-Wide-Leg-High-Waist-Casual-Loose-Trousers-Versatile-Suit-Pants-Black-Summer-p-57883154.html&risk-id=E4839690969813678208,2,3,"2,7,8",34.1k+ sold,TRUE,"2025 Autumn/Winter Women Wide Leg High Waist Casual Loose Trousers, Versatile Suit Pants Black Summer",S$12.49,,,,,,,,,,,,,,,,,,,,,,,,,,,0,,,页面状态为 blocked_or_verify，跳过 Description 解析：明确验证码页面,2026-06-11T14:04:53+08:00,blocked_or_verify,明确验证码页面,skipped_due_to_page_status,D:\V2\data\debug\v2_9d1c_detail_checkpoint_clean_urls\57883154.html,D:\V2\data\debug\v2_9d1c_detail_checkpoint_clean_urls\57883154_visible_text.txt,D:\V2\data\debug\v2_9d1c_detail_checkpoint_clean_urls\57883154_description_raw_text.txt,stable,90.06,0.00,0.01,90.11,0.00,0.00,1,False,0.00,False,0.00,0,1,20,True
38235874,https://sg.shein.com/EMERY-ROSE-s-Women-s-Summer-Casual-Crew-Neck-Short-Sleeve-T-Shirt-Tops-Solid-Color-Black-And-White-Basics-Everyday-For-Work-Office-Party-p-38235874.html,https://sg.shein.com/risk/challenge?captcha_type=909&redirection=https%3A%2F%2Fsg.shein.com%2FEMERY-ROSE-s-Women-s-Summer-Casual-Crew-Neck-Short-Sleeve-T-Shirt-Tops-Solid-Color-Black-And-White-Basics-Everyday-For-Work-Office-Party-p-38235874.html&risk-id=E4839691620073400449,3,3,"3,5,10",12.6k+ sold,TRUE,"EMERY ROSE 's Women's Summer Casual Crew Neck Short Sleeve T-Shirt Tops,Solid Color Black And White Basics Everyday For Work Office, Party",S$11.99,,,,,,,,,,,,,,,,,,,,,,,,,,,0,,,页面状态为 blocked_or_verify，跳过 Description 解析：明确验证码页面,2026-06-11T14:06:23+08:00,blocked_or_verify,明确验证码页面,skipped_due_to_page_status,D:\V2\data\debug\v2_9d1c_detail_checkpoint_clean_urls\38235874.html,D:\V2\data\debug\v2_9d1c_detail_checkpoint_clean_urls\38235874_visible_text.txt,D:\V2\data\debug\v2_9d1c_detail_checkpoint_clean_urls\38235874_description_raw_text.txt,fast,3.66,0.00,0.00,3.70,0.00,0.00,1,False,0.00,False,0.00,0,2,20,True
445209541,https://sg.shein.com/Women-s-Casual-Short-Sleeve-Round-Neck-T-Shirt-Printed-Pattern-Soft-Comfortable-Fabric-Machine-Washable-Summer-Tops-p-445209541.html,https://sg.shein.com/risk/challenge?captcha_type=909&redirection=https%3A%2F%2Fsg.shein.com%2FWomen-s-Casual-Short-Sleeve-Round-Neck-T-Shirt-Printed-Pattern-Soft-Comfortable-Fabric-Machine-Washable-Summer-Tops-p-445209541.html&risk-id=E4839691651354499072,2,3,"2,7,8",8.7k+ sold,TRUE,"Women's Casual Short Sleeve Round Neck T-Shirt - Printed Pattern, Soft & Comfortable Fabric, Machine Washable, Summer Tops",S$5.99,,,,,,,,,,,,,,,,,,,,,,,,,,,0,,,页面状态为 blocked_or_verify，跳过 Description 解析：明确验证码页面,2026-06-11T14:06:27+08:00,blocked_or_verify,明确验证码页面,skipped_due_to_page_status,D:\V2\data\debug\v2_9d1c_detail_checkpoint_clean_urls\445209541.html,D:\V2\data\debug\v2_9d1c_detail_checkpoint_clean_urls\445209541_visible_text.txt,D:\V2\data\debug\v2_9d1c_detail_checkpoint_clean_urls\445209541_description_raw_text.txt,fast,18.03,0.00,0.00,18.06,0.00,0.00,1,False,0.00,False,0.00,0,3,20,True
57883154,https://sg.shein.com/2025-Autumn-Winter-Women-Wide-Leg-High-Waist-Casual-Loose-Trousers-Versatile-Suit-Pants-Black-Summer-p-57883154.html,https://sg.shein.com/2025-Autumn-Winter-Women-Wide-Leg-High-Waist-Casual-Loose-Trousers-Versatile-Suit-Pants-Black-Summer-p-57883154.html,2,3,"2,7,8",34.1k+ sold,TRUE,"2025 Autumn/Winter Women Wide Leg High Waist Casual Loose Trousers, Versatile Suit Pants Black Summer",S$12.49,,,,,,,,,,,,,,,,,,,,,,,,,,,0,,,页面状态为 timeout，跳过 Description 解析：页面请求超时,2026-06-11T14:46:27+08:00,timeout,页面请求超时,skipped_due_to_page_status,D:\V2\data\debug\v2_9d1c_detail_checkpoint_clean_urls\57883154.html,D:\V2\data\debug\v2_9d1c_detail_checkpoint_clean_urls\57883154_visible_text.txt,D:\V2\data\debug\v2_9d1c_detail_checkpoint_clean_urls\57883154_description_raw_text.txt,stable,90.22,0.01,0.08,90.48,0.00,4.82,1,False,0.00,False,0.00,0,0,20,True
38235874,https://sg.shein.com/EMERY-ROSE-s-Women-s-Summer-Casual-Crew-Neck-Short-Sleeve-T-Shirt-Tops-Solid-Color-Black-And-White-Basics-Everyday-For-Work-Office-Party-p-38235874.html,https://sg.shein.com/EMERY-ROSE-s-Women-s-Summer-Casual-Crew-Neck-Short-Sleeve-T-Shirt-Tops-Solid-Color-Black-And-White-Basics-Everyday-For-Work-Office-Party-p-38235874.html,3,3,"3,5,10",12.6k+ sold,TRUE,"EMERY ROSE 's Women's Summer Casual Crew Neck Short Sleeve T-Shirt Tops,Solid Color Black And White Basics Everyday For Work Office, Party",S$11.99,,,,,,,,,,,,,,,,,,,,,,,,,,,0,,,页面状态为 timeout，跳过 Description 解析：页面请求超时,2026-06-11T14:48:03+08:00,timeout,页面请求超时,skipped_due_to_page_status,D:\V2\data\debug\v2_9d1c_detail_checkpoint_clean_urls\38235874.html,D:\V2\data\debug\v2_9d1c_detail_checkpoint_clean_urls\38235874_visible_text.txt,D:\V2\data\debug\v2_9d1c_detail_checkpoint_clean_urls\38235874_description_raw_text.txt,fast,18.05,0.00,0.01,18.11,0.00,3.72,1,False,0.00,False,0.00,0,0,20,True
57883154,https://sg.shein.com/2025-Autumn-Winter-Women-Wide-Leg-High-Waist-Casual-Loose-Trousers-Versatile-Suit-Pants-Black-Summer-p-57883154.html,https://sg.shein.com/2025-Autumn-Winter-Women-Wide-Leg-High-Waist-Casual-Loose-Trousers-Versatile-Suit-Pants-Black-Summer-p-57883154.html,2,3,"2,7,8",34.1k+ sold,TRUE,"2025 Autumn/Winter Women Wide Leg High Waist Casual Loose Trousers, Versatile Suit Pants Black Summer",S$12.49,,,,,,,,,,,,,,,,,,,,,,,,,,,0,,,页面状态为 timeout，跳过 Description 解析：页面请求超时,2026-06-11T16:26:48+08:00,timeout,页面请求超时,skipped_due_to_page_status,D:\V2\data\debug\v2_9d1c_detail_checkpoint_clean_urls\57883154.html,D:\V2\data\debug\v2_9d1c_detail_checkpoint_clean_urls\57883154_visible_text.txt,D:\V2\data\debug\v2_9d1c_detail_checkpoint_clean_urls\57883154_description_raw_text.txt,captcha_cleared_stable_retry,47.75,0.00,0.01,47.80,0.00,34.60,2,True,36.51,True,0.00,0,0,20,True
57883154,https://sg.shein.com/2025-Autumn-Winter-Women-Wide-Leg-High-Waist-Casual-Loose-Trousers-Versatile-Suit-Pants-Black-Summer-p-57883154.html,https://sg.shein.com/risk/challenge?captcha_type=909&redirection=https%3A%2F%2Fsg.shein.com%2F2025-Autumn-Winter-Women-Wide-Leg-High-Waist-Casual-Loose-Trousers-Versatile-Suit-Pants-Black-Summer-p-57883154.html&risk-id=E4839790619732313088,2,3,"2,7,8",34.1k+ sold,TRUE,"2025 Autumn/Winter Women Wide Leg High Waist Casual Loose Trousers, Versatile Suit Pants Black Summer",S$12.49,,,,,,,,,,,,,,,,,,,,,,,,,,,0,,,页面状态为 blocked_or_verify，跳过 Description 解析：详情页验证码页面,2026-06-11T17:23:04+08:00,blocked_or_verify,detail_captcha_timeout_300_seconds,skipped_due_to_page_status,D:\V2\data\debug\v2_9d1c_detail_checkpoint_clean_urls\57883154.html,D:\V2\data\debug\v2_9d1c_detail_checkpoint_clean_urls\57883154_visible_text.txt,D:\V2\data\debug\v2_9d1c_detail_checkpoint_clean_urls\57883154_description_raw_text.txt,stable,5.02,0.00,0.01,5.06,0.00,24.15,1,True,300.71,False,0.00,0,1,20,True
57883154,https://sg.shein.com/2025-Autumn-Winter-Women-Wide-Leg-High-Waist-Casual-Loose-Trousers-Versatile-Suit-Pants-Black-Summer-p-57883154.html,chrome-error://chromewebdata/,2,3,"2,7,8",34.1k+ sold,TRUE,"2025 Autumn/Winter Women Wide Leg High Waist Casual Loose Trousers, Versatile Suit Pants Black Summer",S$12.49,,,,,,,,,,,,,,,,,,,,,,,,,,,0,,,"页面状态为 fetch_failed，跳过 Description 解析：Error: Page.goto: net::ERR_EMPTY_RESPONSE at https://sg.shein.com/2025-Autumn-Winter-Women-Wide-Leg-High-Waist-Casual-Loose-Trousers-Versatile-Suit-Pants-Black-Summer-p-57883154.html
Call log:
  - navigating to ""https://sg.shein.com/2025-Autumn-Winter-Women-Wide-Leg-High-Waist-Casual-Loose-Trousers-",2026-06-11T17:33:59+08:00,fetch_failed,"Error: Page.goto: net::ERR_EMPTY_RESPONSE at https://sg.shein.com/2025-Autumn-Winter-Women-Wide-Leg-High-Waist-Casual-Loose-Trousers-Versatile-Suit-Pants-Black-Summer-p-57883154.html
Call log:
  - navigating to ""https://sg.shein.com/2025-Autumn-Winter-Women-Wide-Leg-High-Waist-Casual-Loose-Trousers-",skipped_due_to_page_status,D:\V2\data\debug\v2_9d1c_detail_checkpoint_clean_urls\57883154.html,D:\V2\data\debug\v2_9d1c_detail_checkpoint_clean_urls\57883154_visible_text.txt,D:\V2\data\debug\v2_9d1c_detail_checkpoint_clean_urls\57883154_description_raw_text.txt,captcha_cleared_stable_retry,61.49,0.00,0.00,61.50,0.00,31.12,2,True,210.85,True,0.00,0,1,20,True
469428072,https://sg.shein.com/Divinelle-White-And-Brown-Striped-Bowknot-Print-Sweatshirt-For-Women-Autumn-Casual-School-Back-To-School-Round-Neck-Long-Sleeve-Loose-Lightweight-Pullover-p-469428072.html,https://sg.shein.com/Divinelle-White-And-Brown-Striped-Bowknot-Print-Sweatshirt-For-Women-Autumn-Casual-School-Back-To-School-Round-Neck-Long-Sleeve-Loose-Lightweight-Pullover-p-469428072.html,4,3,"4,5,6",805 sold,TRUE,"Divinelle White And Brown Striped Bowknot Print Sweatshirt For Women,Autumn Casual School Back-To-School Round Neck Long Sleeve Loose Lightweight Pullover",S$40,sz260509164516961565200,,,,,,,,,,,,,,,,,,,,,,,,,,0,,{},,2026-06-11T17:41:21+08:00,success,页面超时但商品主体和 Description 属性已加载，保留成功结果,description_not_found,D:\V2\data\debug\v2_9d1c_detail_checkpoint_clean_urls\469428072.html,D:\V2\data\debug\v2_9d1c_detail_checkpoint_clean_urls\469428072_visible_text.txt,D:\V2\data\debug\v2_9d1c_detail_checkpoint_clean_urls\469428072_description_raw_text.txt,fast,18.16,0.00,0.02,18.25,0.00,18.55,1,False,0.00,False,0.00,0,1,20,True
208827936,https://sg.shein.com/Vela-Rue-Minimalist-Design-Jumpsuit-Thin-Solid-Color-Suit-Pants-With-Zipper-Hook-Closure-Flared-Leg-Slimming-Trousers-Fashion-All-Season-Spring-p-208827936.html,chrome-error://chromewebdata/,7,2,"7,8",90k+ sold,TRUE,"Vela Rue Minimalist Design Jumpsuit, Thin Solid Color Suit Pants With Zipper & Hook Closure, Flared Leg Slimming Trousers, Fashion All Season Spring",S$13.91,,,,,,,,,,,,,,,,,,,,,,,,,,,0,,,"页面状态为 fetch_failed，跳过 Description 解析：Error: Page.goto: net::ERR_EMPTY_RESPONSE at https://sg.shein.com/Vela-Rue-Minimalist-Design-Jumpsuit-Thin-Solid-Color-Suit-Pants-With-Zipper-Hook-Closure-Flared-Leg-Slimming-Trousers-Fashion-All-Season-Spring-p-208827936.html
Call log:
  - navigating to ""https://sg.shein.com/Vela-Rue-Minimalist-Des",2026-06-11T17:42:51+08:00,fetch_failed,"Error: Page.goto: net::ERR_EMPTY_RESPONSE at https://sg.shein.com/Vela-Rue-Minimalist-Design-Jumpsuit-Thin-Solid-Color-Suit-Pants-With-Zipper-Hook-Closure-Flared-Leg-Slimming-Trousers-Fashion-All-Season-Spring-p-208827936.html
Call log:
  - navigating to ""https://sg.shein.com/Vela-Rue-Minimalist-Des",skipped_due_to_page_status,D:\V2\data\debug\v2_9d1c_detail_checkpoint_clean_urls\208827936.html,D:\V2\data\debug\v2_9d1c_detail_checkpoint_clean_urls\208827936_visible_text.txt,D:\V2\data\debug\v2_9d1c_detail_checkpoint_clean_urls\208827936_description_raw_text.txt,fast_to_stable_empty_detail_retry,18.95,0.00,0.00,18.99,0.00,5.94,2,False,0.00,True,0.00,0,1,20,True
